mpa,mpa_uz,elec_uz,MIS_3D,e_domain,tOf_L,tOf_R,label,weight
P_20,374_01_07_256_P_20_MPa_mfp.npy,374_01_07_256_374_01_07_256_elec_Iz.npy,374_01_07_256_MIS_3D.npy,374_01_07_256_e_domain.npy,374_01_07_256_tOf_L.npy,374_01_07_256_tOf_R.npy,1.93926508,5
P_10,374_01_07_256_P_10_MPa_mfp.npy,374_01_07_256_374_01_07_256_elec_Iz.npy,374_01_07_256_MIS_3D.npy,374_01_07_256_e_domain.npy,374_01_07_256_tOf_L.npy,374_01_07_256_tOf_R.npy,2.263163297,5
P_20,374_06_00_256_P_20_MPa_mfp.npy,374_06_00_256_374_06_00_256_elec_Iz.npy,374_06_00_256_MIS_3D.npy,374_06_00_256_e_domain.npy,374_06_00_256_tOf_L.npy,374_06_00_256_tOf_R.npy,2.685743249,5
P_20,374_06_01_256_P_20_MPa_mfp.npy,374_06_01_256_374_06_01_256_elec_Iz.npy,374_06_01_256_MIS_3D.npy,374_06_01_256_e_domain.npy,374_06_01_256_tOf_L.npy,374_06_01_256_tOf_R.npy,2.685743256,5
P_20,374_03_01_256_P_20_MPa_mfp.npy,374_03_01_256_374_03_01_256_elec_Iz.npy,374_03_01_256_MIS_3D.npy,374_03_01_256_e_domain.npy,374_03_01_256_tOf_L.npy,374_03_01_256_tOf_R.npy,2.817010619,5
P_20,374_03_02_256_P_20_MPa_mfp.npy,374_03_02_256_374_03_02_256_elec_Iz.npy,374_03_02_256_MIS_3D.npy,374_03_02_256_e_domain.npy,374_03_02_256_tOf_L.npy,374_03_02_256_tOf_R.npy,2.859854742,5
P_20,374_04_00_256_P_20_MPa_mfp.npy,374_04_00_256_374_04_00_256_elec_Iz.npy,374_04_00_256_MIS_3D.npy,374_04_00_256_e_domain.npy,374_04_00_256_tOf_L.npy,374_04_00_256_tOf_R.npy,2.895090443,5
P_10,374_06_00_256_P_10_MPa_mfp.npy,374_06_00_256_374_06_00_256_elec_Iz.npy,374_06_00_256_MIS_3D.npy,374_06_00_256_e_domain.npy,374_06_00_256_tOf_L.npy,374_06_00_256_tOf_R.npy,2.981686597,5
P_10,374_06_01_256_P_10_MPa_mfp.npy,374_06_01_256_374_06_01_256_elec_Iz.npy,374_06_01_256_MIS_3D.npy,374_06_01_256_e_domain.npy,374_06_01_256_tOf_L.npy,374_06_01_256_tOf_R.npy,2.981686604,5
P_20,374_04_01_256_P_20_MPa_mfp.npy,374_04_01_256_374_04_01_256_elec_Iz.npy,374_04_01_256_MIS_3D.npy,374_04_01_256_e_domain.npy,374_04_01_256_tOf_L.npy,374_04_01_256_tOf_R.npy,2.982483769,5
P_20,374_07_00_256_P_20_MPa_mfp.npy,374_07_00_256_374_07_00_256_elec_Iz.npy,374_07_00_256_MIS_3D.npy,374_07_00_256_e_domain.npy,374_07_00_256_tOf_L.npy,374_07_00_256_tOf_R.npy,3.050671749,1.753846154
P_10,374_04_00_256_P_10_MPa_mfp.npy,374_04_00_256_374_04_00_256_elec_Iz.npy,374_04_00_256_MIS_3D.npy,374_04_00_256_e_domain.npy,374_04_00_256_tOf_L.npy,374_04_00_256_tOf_R.npy,3.09358215,1.753846154
P_10,374_03_01_256_P_10_MPa_mfp.npy,374_03_01_256_374_03_01_256_elec_Iz.npy,374_03_01_256_MIS_3D.npy,374_03_01_256_e_domain.npy,374_03_01_256_tOf_L.npy,374_03_01_256_tOf_R.npy,3.107532758,1.753846154
P_10,374_03_02_256_P_10_MPa_mfp.npy,374_03_02_256_374_03_02_256_elec_Iz.npy,374_03_02_256_MIS_3D.npy,374_03_02_256_e_domain.npy,374_03_02_256_tOf_L.npy,374_03_02_256_tOf_R.npy,3.15458179,1.753846154
P_20,374_09_02_256_P_20_MPa_mfp.npy,374_09_02_256_374_09_02_256_elec_Iz.npy,374_09_02_256_MIS_3D.npy,374_09_02_256_e_domain.npy,374_09_02_256_tOf_L.npy,374_09_02_256_tOf_R.npy,3.171076966,1.753846154
P_10,374_04_01_256_P_10_MPa_mfp.npy,374_04_01_256_374_04_01_256_elec_Iz.npy,374_04_01_256_MIS_3D.npy,374_04_01_256_e_domain.npy,374_04_01_256_tOf_L.npy,374_04_01_256_tOf_R.npy,3.17993661,1.753846154
P_20,374_02_030_256_P_20_MPa_mfp.npy,374_02_030_256_374_02_030_256_elec_Iz.npy,374_02_030_256_MIS_3D.npy,374_02_030_256_e_domain.npy,374_02_030_256_tOf_L.npy,374_02_030_256_tOf_R.npy,3.223172057,1.753846154
P_5,374_06_00_256_P_5_MPa_mfp.npy,374_06_00_256_374_06_00_256_elec_Iz.npy,374_06_00_256_MIS_3D.npy,374_06_00_256_e_domain.npy,374_06_00_256_tOf_L.npy,374_06_00_256_tOf_R.npy,3.258297229,1.753846154
P_5,374_06_01_256_P_5_MPa_mfp.npy,374_06_01_256_374_06_01_256_elec_Iz.npy,374_06_01_256_MIS_3D.npy,374_06_01_256_e_domain.npy,374_06_01_256_tOf_L.npy,374_06_01_256_tOf_R.npy,3.258297236,1.753846154
P_5,374_04_00_256_P_5_MPa_mfp.npy,374_04_00_256_374_04_00_256_elec_Iz.npy,374_04_00_256_MIS_3D.npy,374_04_00_256_e_domain.npy,374_04_00_256_tOf_L.npy,374_04_00_256_tOf_R.npy,3.265449506,1.753846154
P_20,374_02_031_256_P_20_MPa_mfp.npy,374_02_031_256_374_02_031_256_elec_Iz.npy,374_02_031_256_MIS_3D.npy,374_02_031_256_e_domain.npy,374_02_031_256_tOf_L.npy,374_02_031_256_tOf_R.npy,3.266026739,1.753846154
P_10,374_07_00_256_P_10_MPa_mfp.npy,374_07_00_256_374_07_00_256_elec_Iz.npy,374_07_00_256_MIS_3D.npy,374_07_00_256_e_domain.npy,374_07_00_256_tOf_L.npy,374_07_00_256_tOf_R.npy,3.328608322,1.753846154
P_20,374_02_033_256_P_20_MPa_mfp.npy,374_02_033_256_374_02_033_256_elec_Iz.npy,374_02_033_256_MIS_3D.npy,374_02_033_256_e_domain.npy,374_02_033_256_tOf_L.npy,374_02_033_256_tOf_R.npy,3.341759854,1.753846154
P_5,374_04_01_256_P_5_MPa_mfp.npy,374_04_01_256_374_04_01_256_elec_Iz.npy,374_04_01_256_MIS_3D.npy,374_04_01_256_e_domain.npy,374_04_01_256_tOf_L.npy,374_04_01_256_tOf_R.npy,3.349240132,1.753846154
P_20,374_02_034_256_P_20_MPa_mfp.npy,374_02_034_256_374_02_034_256_elec_Iz.npy,374_02_034_256_MIS_3D.npy,374_02_034_256_e_domain.npy,374_02_034_256_tOf_L.npy,374_02_034_256_tOf_R.npy,3.369778139,1.753846154
P_5,374_03_01_256_P_5_MPa_mfp.npy,374_03_01_256_374_03_01_256_elec_Iz.npy,374_03_01_256_MIS_3D.npy,374_03_01_256_e_domain.npy,374_03_01_256_tOf_L.npy,374_03_01_256_tOf_R.npy,3.377683719,1.753846154
P_20,374_07_01_256_P_20_MPa_mfp.npy,374_07_01_256_374_07_01_256_elec_Iz.npy,374_07_01_256_MIS_3D.npy,374_07_01_256_e_domain.npy,374_07_01_256_tOf_L.npy,374_07_01_256_tOf_R.npy,3.40525233,1.753846154
P_20,374_01_05_256_P_20_MPa_mfp.npy,374_01_05_256_374_01_05_256_elec_Iz.npy,374_01_05_256_MIS_3D.npy,374_01_05_256_e_domain.npy,374_01_05_256_tOf_L.npy,374_01_05_256_tOf_R.npy,3.411146141,1.753846154
P_5,374_03_02_256_P_5_MPa_mfp.npy,374_03_02_256_374_03_02_256_elec_Iz.npy,374_03_02_256_MIS_3D.npy,374_03_02_256_e_domain.npy,374_03_02_256_tOf_L.npy,374_03_02_256_tOf_R.npy,3.429157187,1.753846154
P_10,374_09_02_256_P_10_MPa_mfp.npy,374_09_02_256_374_09_02_256_elec_Iz.npy,374_09_02_256_MIS_3D.npy,374_09_02_256_e_domain.npy,374_09_02_256_tOf_L.npy,374_09_02_256_tOf_R.npy,3.450217642,1.753846154
P_20,374_03_06_256_P_20_MPa_mfp.npy,374_03_06_256_374_03_06_256_elec_Iz.npy,374_03_06_256_MIS_3D.npy,374_03_06_256_e_domain.npy,374_03_06_256_tOf_L.npy,374_03_06_256_tOf_R.npy,3.474617508,1.753846154
P_10,374_02_030_256_P_10_MPa_mfp.npy,374_02_030_256_374_02_030_256_elec_Iz.npy,374_02_030_256_MIS_3D.npy,374_02_030_256_e_domain.npy,374_02_030_256_tOf_L.npy,374_02_030_256_tOf_R.npy,3.502571598,1.753846154
P_20,374_03_05_256_P_20_MPa_mfp.npy,374_03_05_256_374_03_05_256_elec_Iz.npy,374_03_05_256_MIS_3D.npy,374_03_05_256_e_domain.npy,374_03_05_256_tOf_L.npy,374_03_05_256_tOf_R.npy,3.51041382,1.753846154
P_2,374_04_00_256_P_2_MPa_mfp.npy,374_04_00_256_374_04_00_256_elec_Iz.npy,374_04_00_256_MIS_3D.npy,374_04_00_256_e_domain.npy,374_04_00_256_tOf_L.npy,374_04_00_256_tOf_R.npy,3.512060147,1.753846154
P_20,374_03_04_256_P_20_MPa_mfp.npy,374_03_04_256_374_03_04_256_elec_Iz.npy,374_03_04_256_MIS_3D.npy,374_03_04_256_e_domain.npy,374_03_04_256_tOf_L.npy,374_03_04_256_tOf_R.npy,3.527489711,1.753846154
P_20,374_09_04_256_P_20_MPa_mfp.npy,374_09_04_256_374_09_04_256_elec_Iz.npy,374_09_04_256_MIS_3D.npy,374_09_04_256_e_domain.npy,374_09_04_256_tOf_L.npy,374_09_04_256_tOf_R.npy,3.530076428,1.753846154
P_10,374_02_031_256_P_10_MPa_mfp.npy,374_02_031_256_374_02_031_256_elec_Iz.npy,374_02_031_256_MIS_3D.npy,374_02_031_256_e_domain.npy,374_02_031_256_tOf_L.npy,374_02_031_256_tOf_R.npy,3.542008915,1.753846154
P_5,374_07_00_256_P_5_MPa_mfp.npy,374_07_00_256_374_07_00_256_elec_Iz.npy,374_07_00_256_MIS_3D.npy,374_07_00_256_e_domain.npy,374_07_00_256_tOf_L.npy,374_07_00_256_tOf_R.npy,3.587776756,1.753846154
P_2,374_04_01_256_P_2_MPa_mfp.npy,374_04_01_256_374_04_01_256_elec_Iz.npy,374_04_01_256_MIS_3D.npy,374_04_01_256_e_domain.npy,374_04_01_256_tOf_L.npy,374_04_01_256_tOf_R.npy,3.595405827,1.753846154
P_10,374_02_033_256_P_10_MPa_mfp.npy,374_02_033_256_374_02_033_256_elec_Iz.npy,374_02_033_256_MIS_3D.npy,374_02_033_256_e_domain.npy,374_02_033_256_tOf_L.npy,374_02_033_256_tOf_R.npy,3.617127914,1.753846154
P_2,374_06_00_256_P_2_MPa_mfp.npy,374_06_00_256_374_06_00_256_elec_Iz.npy,374_06_00_256_MIS_3D.npy,374_06_00_256_e_domain.npy,374_06_00_256_tOf_L.npy,374_06_00_256_tOf_R.npy,3.629397263,1.753846154
P_2,374_06_01_256_P_2_MPa_mfp.npy,374_06_01_256_374_06_01_256_elec_Iz.npy,374_06_01_256_MIS_3D.npy,374_06_01_256_e_domain.npy,374_06_01_256_tOf_L.npy,374_06_01_256_tOf_R.npy,3.629397272,1.753846154
P_10,374_02_034_256_P_10_MPa_mfp.npy,374_02_034_256_374_02_034_256_elec_Iz.npy,374_02_034_256_MIS_3D.npy,374_02_034_256_e_domain.npy,374_02_034_256_tOf_L.npy,374_02_034_256_tOf_R.npy,3.646671907,1.753846154
P_10,374_07_01_256_P_10_MPa_mfp.npy,374_07_01_256_374_07_01_256_elec_Iz.npy,374_07_01_256_MIS_3D.npy,374_07_01_256_e_domain.npy,374_07_01_256_tOf_L.npy,374_07_01_256_tOf_R.npy,3.67853016,1.753846154
P_10,374_01_05_256_P_10_MPa_mfp.npy,374_01_05_256_374_01_05_256_elec_Iz.npy,374_01_05_256_MIS_3D.npy,374_01_05_256_e_domain.npy,374_01_05_256_tOf_L.npy,374_01_05_256_tOf_R.npy,3.692375434,1.753846154
P_5,374_09_02_256_P_5_MPa_mfp.npy,374_09_02_256_374_09_02_256_elec_Iz.npy,374_09_02_256_MIS_3D.npy,374_09_02_256_e_domain.npy,374_09_02_256_tOf_L.npy,374_09_02_256_tOf_R.npy,3.710458795,1.753846154
P_10,374_03_06_256_P_10_MPa_mfp.npy,374_03_06_256_374_03_06_256_elec_Iz.npy,374_03_06_256_MIS_3D.npy,374_03_06_256_e_domain.npy,374_03_06_256_tOf_L.npy,374_03_06_256_tOf_R.npy,3.738493472,1.753846154
P_2,374_03_01_256_P_2_MPa_mfp.npy,374_03_01_256_374_03_01_256_elec_Iz.npy,374_03_01_256_MIS_3D.npy,374_03_01_256_e_domain.npy,374_03_01_256_tOf_L.npy,374_03_01_256_tOf_R.npy,3.739117481,1.753846154
P_20,374_05_00_256_P_20_MPa_mfp.npy,374_05_00_256_374_05_00_256_elec_Iz.npy,374_05_00_256_MIS_3D.npy,374_05_00_256_e_domain.npy,374_05_00_256_tOf_L.npy,374_05_00_256_tOf_R.npy,3.739437405,1.753846154
P_20,374_02_020_256_P_20_MPa_mfp.npy,374_02_020_256_374_02_020_256_elec_Iz.npy,374_02_020_256_MIS_3D.npy,374_02_020_256_e_domain.npy,374_02_020_256_tOf_L.npy,374_02_020_256_tOf_R.npy,3.742176241,1.753846154
P_10,374_03_05_256_P_10_MPa_mfp.npy,374_03_05_256_374_03_05_256_elec_Iz.npy,374_03_05_256_MIS_3D.npy,374_03_05_256_e_domain.npy,374_03_05_256_tOf_L.npy,374_03_05_256_tOf_R.npy,3.770433844,1.753846154
P_5,374_02_030_256_P_5_MPa_mfp.npy,374_02_030_256_374_02_030_256_elec_Iz.npy,374_02_030_256_MIS_3D.npy,374_02_030_256_e_domain.npy,374_02_030_256_tOf_L.npy,374_02_030_256_tOf_R.npy,3.788986242,1.753846154
P_10,374_03_04_256_P_10_MPa_mfp.npy,374_03_04_256_374_03_04_256_elec_Iz.npy,374_03_04_256_MIS_3D.npy,374_03_04_256_e_domain.npy,374_03_04_256_tOf_L.npy,374_03_04_256_tOf_R.npy,3.790948125,1.753846154
P_2,374_03_02_256_P_2_MPa_mfp.npy,374_03_02_256_374_03_02_256_elec_Iz.npy,374_03_02_256_MIS_3D.npy,374_03_02_256_e_domain.npy,374_03_02_256_tOf_L.npy,374_03_02_256_tOf_R.npy,3.795510759,1.753846154
P_10,374_09_04_256_P_10_MPa_mfp.npy,374_09_04_256_374_09_04_256_elec_Iz.npy,374_09_04_256_MIS_3D.npy,374_09_04_256_e_domain.npy,374_09_04_256_tOf_L.npy,374_09_04_256_tOf_R.npy,3.817165052,1.753846154
P_20,374_02_021_256_P_20_MPa_mfp.npy,374_02_021_256_374_02_021_256_elec_Iz.npy,374_02_021_256_MIS_3D.npy,374_02_021_256_e_domain.npy,374_02_021_256_tOf_L.npy,374_02_021_256_tOf_R.npy,3.82337713,1.753846154
P_1,374_04_00_256_P_1_MPa_mfp.npy,374_04_00_256_374_04_00_256_elec_Iz.npy,374_04_00_256_MIS_3D.npy,374_04_00_256_e_domain.npy,374_04_00_256_tOf_L.npy,374_04_00_256_tOf_R.npy,3.824336735,1.753846154
P_5,374_02_031_256_P_5_MPa_mfp.npy,374_02_031_256_374_02_031_256_elec_Iz.npy,374_02_031_256_MIS_3D.npy,374_02_031_256_e_domain.npy,374_02_031_256_tOf_L.npy,374_02_031_256_tOf_R.npy,3.825898916,1.753846154
P_20,374_01_04_256_P_20_MPa_mfp.npy,374_01_04_256_374_01_04_256_elec_Iz.npy,374_01_04_256_MIS_3D.npy,374_01_04_256_e_domain.npy,374_01_04_256_tOf_L.npy,374_01_04_256_tOf_R.npy,3.838219273,1.753846154
P_20,374_03_09_256_P_20_MPa_mfp.npy,374_03_09_256_374_03_09_256_elec_Iz.npy,374_03_09_256_MIS_3D.npy,374_03_09_256_e_domain.npy,374_03_09_256_tOf_L.npy,374_03_09_256_tOf_R.npy,3.859667684,1.753846154
P_20,374_03_07_256_P_20_MPa_mfp.npy,374_03_07_256_374_03_07_256_elec_Iz.npy,374_03_07_256_MIS_3D.npy,374_03_07_256_e_domain.npy,374_03_07_256_tOf_L.npy,374_03_07_256_tOf_R.npy,3.869100585,1.753846154
P_20,374_03_08_256_P_20_MPa_mfp.npy,374_03_08_256_374_03_08_256_elec_Iz.npy,374_03_08_256_MIS_3D.npy,374_03_08_256_e_domain.npy,374_03_08_256_tOf_L.npy,374_03_08_256_tOf_R.npy,3.887518311,1.753846154
P_20,374_02_022_256_P_20_MPa_mfp.npy,374_02_022_256_374_02_022_256_elec_Iz.npy,374_02_022_256_MIS_3D.npy,374_02_022_256_e_domain.npy,374_02_022_256_tOf_L.npy,374_02_022_256_tOf_R.npy,3.895733718,1.753846154
P_1,374_04_01_256_P_1_MPa_mfp.npy,374_04_01_256_374_04_01_256_elec_Iz.npy,374_04_01_256_MIS_3D.npy,374_04_01_256_e_domain.npy,374_04_01_256_tOf_L.npy,374_04_01_256_tOf_R.npy,3.901211984,1.753846154
P_5,374_02_033_256_P_5_MPa_mfp.npy,374_02_033_256_374_02_033_256_elec_Iz.npy,374_02_033_256_MIS_3D.npy,374_02_033_256_e_domain.npy,374_02_033_256_tOf_L.npy,374_02_033_256_tOf_R.npy,3.902056496,1.753846154
P_5,374_02_034_256_P_5_MPa_mfp.npy,374_02_034_256_374_02_034_256_elec_Iz.npy,374_02_034_256_MIS_3D.npy,374_02_034_256_e_domain.npy,374_02_034_256_tOf_L.npy,374_02_034_256_tOf_R.npy,3.933481888,1.753846154
P_5,374_07_01_256_P_5_MPa_mfp.npy,374_07_01_256_374_07_01_256_elec_Iz.npy,374_07_01_256_MIS_3D.npy,374_07_01_256_e_domain.npy,374_07_01_256_tOf_L.npy,374_07_01_256_tOf_R.npy,3.933598056,1.753846154
P_2,374_07_00_256_P_2_MPa_mfp.npy,374_07_00_256_374_07_00_256_elec_Iz.npy,374_07_00_256_MIS_3D.npy,374_07_00_256_e_domain.npy,374_07_00_256_tOf_L.npy,374_07_00_256_tOf_R.npy,3.938393561,1.753846154
P_5,374_01_05_256_P_5_MPa_mfp.npy,374_01_05_256_374_01_05_256_elec_Iz.npy,374_01_05_256_MIS_3D.npy,374_01_05_256_e_domain.npy,374_01_05_256_tOf_L.npy,374_01_05_256_tOf_R.npy,3.954595206,1.753846154
P_20,374_02_023_256_P_20_MPa_mfp.npy,374_02_023_256_374_02_023_256_elec_Iz.npy,374_02_023_256_MIS_3D.npy,374_02_023_256_e_domain.npy,374_02_023_256_tOf_L.npy,374_02_023_256_tOf_R.npy,3.956654554,1.753846154
P_10,374_05_00_256_P_10_MPa_mfp.npy,374_05_00_256_374_05_00_256_elec_Iz.npy,374_05_00_256_MIS_3D.npy,374_05_00_256_e_domain.npy,374_05_00_256_tOf_L.npy,374_05_00_256_tOf_R.npy,3.970956249,1.753846154
P_5,374_03_06_256_P_5_MPa_mfp.npy,374_03_06_256_374_03_06_256_elec_Iz.npy,374_03_06_256_MIS_3D.npy,374_03_06_256_e_domain.npy,374_03_06_256_tOf_L.npy,374_03_06_256_tOf_R.npy,3.985296077,1.753846154
P_10,374_02_020_256_P_10_MPa_mfp.npy,374_02_020_256_374_02_020_256_elec_Iz.npy,374_02_020_256_MIS_3D.npy,374_02_020_256_e_domain.npy,374_02_020_256_tOf_L.npy,374_02_020_256_tOf_R.npy,3.985624901,1.753846154
P_1,374_06_00_256_P_1_MPa_mfp.npy,374_06_00_256_374_06_00_256_elec_Iz.npy,374_06_00_256_MIS_3D.npy,374_06_00_256_e_domain.npy,374_06_00_256_tOf_L.npy,374_06_00_256_tOf_R.npy,3.993583135,1.753846154
P_1,374_06_01_256_P_1_MPa_mfp.npy,374_06_01_256_374_06_01_256_elec_Iz.npy,374_06_01_256_MIS_3D.npy,374_06_01_256_e_domain.npy,374_06_01_256_tOf_L.npy,374_06_01_256_tOf_R.npy,3.993583143,1.753846154
P_5,374_03_05_256_P_5_MPa_mfp.npy,374_03_05_256_374_03_05_256_elec_Iz.npy,374_03_05_256_MIS_3D.npy,374_03_05_256_e_domain.npy,374_03_05_256_tOf_L.npy,374_03_05_256_tOf_R.npy,4.013097054,1
P_5,374_03_04_256_P_5_MPa_mfp.npy,374_03_04_256_374_03_04_256_elec_Iz.npy,374_03_04_256_MIS_3D.npy,374_03_04_256_e_domain.npy,374_03_04_256_tOf_L.npy,374_03_04_256_tOf_R.npy,4.036522386,1
P_10,374_02_021_256_P_10_MPa_mfp.npy,374_02_021_256_374_02_021_256_elec_Iz.npy,374_02_021_256_MIS_3D.npy,374_02_021_256_e_domain.npy,374_02_021_256_tOf_L.npy,374_02_021_256_tOf_R.npy,4.055919374,1
P_2,374_09_02_256_P_2_MPa_mfp.npy,374_09_02_256_374_09_02_256_elec_Iz.npy,374_09_02_256_MIS_3D.npy,374_09_02_256_e_domain.npy,374_09_02_256_tOf_L.npy,374_09_02_256_tOf_R.npy,4.061703495,1
P_5,374_09_04_256_P_5_MPa_mfp.npy,374_09_04_256_374_09_04_256_elec_Iz.npy,374_09_04_256_MIS_3D.npy,374_09_04_256_e_domain.npy,374_09_04_256_tOf_L.npy,374_09_04_256_tOf_R.npy,4.084878697,1
P_1,374_03_01_256_P_1_MPa_mfp.npy,374_03_01_256_374_03_01_256_elec_Iz.npy,374_03_01_256_MIS_3D.npy,374_03_01_256_e_domain.npy,374_03_01_256_tOf_L.npy,374_03_01_256_tOf_R.npy,4.095247651,1
P_10,374_01_04_256_P_10_MPa_mfp.npy,374_01_04_256_374_01_04_256_elec_Iz.npy,374_01_04_256_MIS_3D.npy,374_01_04_256_e_domain.npy,374_01_04_256_tOf_L.npy,374_01_04_256_tOf_R.npy,4.098872577,1
P_10,374_03_09_256_P_10_MPa_mfp.npy,374_03_09_256_374_03_09_256_elec_Iz.npy,374_03_09_256_MIS_3D.npy,374_03_09_256_e_domain.npy,374_03_09_256_tOf_L.npy,374_03_09_256_tOf_R.npy,4.108217024,1
P_10,374_03_07_256_P_10_MPa_mfp.npy,374_03_07_256_374_03_07_256_elec_Iz.npy,374_03_07_256_MIS_3D.npy,374_03_07_256_e_domain.npy,374_03_07_256_tOf_L.npy,374_03_07_256_tOf_R.npy,4.115597722,1
P_10,374_02_022_256_P_10_MPa_mfp.npy,374_02_022_256_374_02_022_256_elec_Iz.npy,374_02_022_256_MIS_3D.npy,374_02_022_256_e_domain.npy,374_02_022_256_tOf_L.npy,374_02_022_256_tOf_R.npy,4.120174348,1
P_10,374_03_08_256_P_10_MPa_mfp.npy,374_03_08_256_374_03_08_256_elec_Iz.npy,374_03_08_256_MIS_3D.npy,374_03_08_256_e_domain.npy,374_03_08_256_tOf_L.npy,374_03_08_256_tOf_R.npy,4.13619337,1
P_20,374_08_00_256_P_20_MPa_mfp.npy,374_08_00_256_374_08_00_256_elec_Iz.npy,374_08_00_256_MIS_3D.npy,374_08_00_256_e_domain.npy,374_08_00_256_tOf_L.npy,374_08_00_256_tOf_R.npy,4.136351269,1
P_1,374_03_02_256_P_1_MPa_mfp.npy,374_03_02_256_374_03_02_256_elec_Iz.npy,374_03_02_256_MIS_3D.npy,374_03_02_256_e_domain.npy,374_03_02_256_tOf_L.npy,374_03_02_256_tOf_R.npy,4.157913958,1
P_20,374_01_03_256_P_20_MPa_mfp.npy,374_01_03_256_374_01_03_256_elec_Iz.npy,374_01_03_256_MIS_3D.npy,374_01_03_256_e_domain.npy,374_01_03_256_tOf_L.npy,374_01_03_256_tOf_R.npy,4.174881002,1
P_10,374_02_023_256_P_10_MPa_mfp.npy,374_02_023_256_374_02_023_256_elec_Iz.npy,374_02_023_256_MIS_3D.npy,374_02_023_256_e_domain.npy,374_02_023_256_tOf_L.npy,374_02_023_256_tOf_R.npy,4.176429075,1
P_20,374_03_010_256_P_20_MPa_mfp.npy,374_03_010_256_374_03_010_256_elec_Iz.npy,374_03_010_256_MIS_3D.npy,374_03_010_256_e_domain.npy,374_03_010_256_tOf_L.npy,374_03_010_256_tOf_R.npy,4.178595684,1
P_5,374_05_00_256_P_5_MPa_mfp.npy,374_05_00_256_374_05_00_256_elec_Iz.npy,374_05_00_256_MIS_3D.npy,374_05_00_256_e_domain.npy,374_05_00_256_tOf_L.npy,374_05_00_256_tOf_R.npy,4.189237331,1
P_5,374_02_020_256_P_5_MPa_mfp.npy,374_02_020_256_374_02_020_256_elec_Iz.npy,374_02_020_256_MIS_3D.npy,374_02_020_256_e_domain.npy,374_02_020_256_tOf_L.npy,374_02_020_256_tOf_R.npy,4.221481874,1
P_2,374_02_030_256_P_2_MPa_mfp.npy,374_02_030_256_374_02_030_256_elec_Iz.npy,374_02_030_256_MIS_3D.npy,374_02_030_256_e_domain.npy,374_02_030_256_tOf_L.npy,374_02_030_256_tOf_R.npy,4.223923866,1
P_20,374_03_011_256_P_20_MPa_mfp.npy,374_03_011_256_374_03_011_256_elec_Iz.npy,374_03_011_256_MIS_3D.npy,374_03_011_256_e_domain.npy,374_03_011_256_tOf_L.npy,374_03_011_256_tOf_R.npy,4.238687545,1
P_2,374_02_031_256_P_2_MPa_mfp.npy,374_02_031_256_374_02_031_256_elec_Iz.npy,374_02_031_256_MIS_3D.npy,374_02_031_256_e_domain.npy,374_02_031_256_tOf_L.npy,374_02_031_256_tOf_R.npy,4.25893922,1
P_2,374_07_01_256_P_2_MPa_mfp.npy,374_07_01_256_374_07_01_256_elec_Iz.npy,374_07_01_256_MIS_3D.npy,374_07_01_256_e_domain.npy,374_07_01_256_tOf_L.npy,374_07_01_256_tOf_R.npy,4.279100037,1
P_5,374_02_021_256_P_5_MPa_mfp.npy,374_02_021_256_374_02_021_256_elec_Iz.npy,374_02_021_256_MIS_3D.npy,374_02_021_256_e_domain.npy,374_02_021_256_tOf_L.npy,374_02_021_256_tOf_R.npy,4.281219758,1
P_1,374_07_00_256_P_1_MPa_mfp.npy,374_07_00_256_374_07_00_256_elec_Iz.npy,374_07_00_256_MIS_3D.npy,374_07_00_256_e_domain.npy,374_07_00_256_tOf_L.npy,374_07_00_256_tOf_R.npy,4.294107703,1
P_2,374_01_05_256_P_2_MPa_mfp.npy,374_01_05_256_374_01_05_256_elec_Iz.npy,374_01_05_256_MIS_3D.npy,374_01_05_256_e_domain.npy,374_01_05_256_tOf_L.npy,374_01_05_256_tOf_R.npy,4.305969268,1
P_2,374_03_06_256_P_2_MPa_mfp.npy,374_03_06_256_374_03_06_256_elec_Iz.npy,374_03_06_256_MIS_3D.npy,374_03_06_256_e_domain.npy,374_03_06_256_tOf_L.npy,374_03_06_256_tOf_R.npy,4.321882734,1
P_2,374_02_033_256_P_2_MPa_mfp.npy,374_02_033_256_374_02_033_256_elec_Iz.npy,374_02_033_256_MIS_3D.npy,374_02_033_256_e_domain.npy,374_02_033_256_tOf_L.npy,374_02_033_256_tOf_R.npy,4.335111675,1
P_5,374_02_022_256_P_5_MPa_mfp.npy,374_02_022_256_374_02_022_256_elec_Iz.npy,374_02_022_256_MIS_3D.npy,374_02_022_256_e_domain.npy,374_02_022_256_tOf_L.npy,374_02_022_256_tOf_R.npy,4.337834724,1
P_5,374_03_09_256_P_5_MPa_mfp.npy,374_03_09_256_374_03_09_256_elec_Iz.npy,374_03_09_256_MIS_3D.npy,374_03_09_256_e_domain.npy,374_03_09_256_tOf_L.npy,374_03_09_256_tOf_R.npy,4.339695489,1
P_5,374_01_04_256_P_5_MPa_mfp.npy,374_01_04_256_374_01_04_256_elec_Iz.npy,374_01_04_256_MIS_3D.npy,374_01_04_256_e_domain.npy,374_01_04_256_tOf_L.npy,374_01_04_256_tOf_R.npy,4.342285722,1
P_2,374_03_05_256_P_2_MPa_mfp.npy,374_03_05_256_374_03_05_256_elec_Iz.npy,374_03_05_256_MIS_3D.npy,374_03_05_256_e_domain.npy,374_03_05_256_tOf_L.npy,374_03_05_256_tOf_R.npy,4.345385362,1
P_5,374_03_07_256_P_5_MPa_mfp.npy,374_03_07_256_374_03_07_256_elec_Iz.npy,374_03_07_256_MIS_3D.npy,374_03_07_256_e_domain.npy,374_03_07_256_tOf_L.npy,374_03_07_256_tOf_R.npy,4.345954505,1
P_20,374_02_010_256_P_20_MPa_mfp.npy,374_02_010_256_374_02_010_256_elec_Iz.npy,374_02_010_256_MIS_3D.npy,374_02_010_256_e_domain.npy,374_02_010_256_tOf_L.npy,374_02_010_256_tOf_R.npy,4.354876305,1
P_2,374_02_034_256_P_2_MPa_mfp.npy,374_02_034_256_374_02_034_256_elec_Iz.npy,374_02_034_256_MIS_3D.npy,374_02_034_256_e_domain.npy,374_02_034_256_tOf_L.npy,374_02_034_256_tOf_R.npy,4.367122262,1
P_5,374_03_08_256_P_5_MPa_mfp.npy,374_03_08_256_374_03_08_256_elec_Iz.npy,374_03_08_256_MIS_3D.npy,374_03_08_256_e_domain.npy,374_03_08_256_tOf_L.npy,374_03_08_256_tOf_R.npy,4.368171285,1
P_2,374_03_04_256_P_2_MPa_mfp.npy,374_03_04_256_374_03_04_256_elec_Iz.npy,374_03_04_256_MIS_3D.npy,374_03_04_256_e_domain.npy,374_03_04_256_tOf_L.npy,374_03_04_256_tOf_R.npy,4.370426703,1
P_20,374_05_03_256_P_20_MPa_mfp.npy,374_05_03_256_374_05_03_256_elec_Iz.npy,374_05_03_256_MIS_3D.npy,374_05_03_256_e_domain.npy,374_05_03_256_tOf_L.npy,374_05_03_256_tOf_R.npy,4.37190763,1
P_10,374_08_00_256_P_10_MPa_mfp.npy,374_08_00_256_374_08_00_256_elec_Iz.npy,374_08_00_256_MIS_3D.npy,374_08_00_256_e_domain.npy,374_08_00_256_tOf_L.npy,374_08_00_256_tOf_R.npy,4.384075982,1
P_5,374_02_023_256_P_5_MPa_mfp.npy,374_02_023_256_374_02_023_256_elec_Iz.npy,374_02_023_256_MIS_3D.npy,374_02_023_256_e_domain.npy,374_02_023_256_tOf_L.npy,374_02_023_256_tOf_R.npy,4.390329329,1
P_10,374_03_010_256_P_10_MPa_mfp.npy,374_03_010_256_374_03_010_256_elec_Iz.npy,374_03_010_256_MIS_3D.npy,374_03_010_256_e_domain.npy,374_03_010_256_tOf_L.npy,374_03_010_256_tOf_R.npy,4.410920533,1
P_1,374_09_02_256_P_1_MPa_mfp.npy,374_09_02_256_374_09_02_256_elec_Iz.npy,374_09_02_256_MIS_3D.npy,374_09_02_256_e_domain.npy,374_09_02_256_tOf_L.npy,374_09_02_256_tOf_R.npy,4.413505867,1
P_10,374_01_03_256_P_10_MPa_mfp.npy,374_01_03_256_374_01_03_256_elec_Iz.npy,374_01_03_256_MIS_3D.npy,374_01_03_256_e_domain.npy,374_01_03_256_tOf_L.npy,374_01_03_256_tOf_R.npy,4.418212354,1
P_20,374_03_015_256_P_20_MPa_mfp.npy,374_03_015_256_374_03_015_256_elec_Iz.npy,374_03_015_256_MIS_3D.npy,374_03_015_256_e_domain.npy,374_03_015_256_tOf_L.npy,374_03_015_256_tOf_R.npy,4.438794601,1
P_2,374_09_04_256_P_2_MPa_mfp.npy,374_09_04_256_374_09_04_256_elec_Iz.npy,374_09_04_256_MIS_3D.npy,374_09_04_256_e_domain.npy,374_09_04_256_tOf_L.npy,374_09_04_256_tOf_R.npy,4.442283516,1
P_20,374_03_014_256_P_20_MPa_mfp.npy,374_03_014_256_374_03_014_256_elec_Iz.npy,374_03_014_256_MIS_3D.npy,374_03_014_256_e_domain.npy,374_03_014_256_tOf_L.npy,374_03_014_256_tOf_R.npy,4.446092538,1
P_20,374_01_02_256_P_20_MPa_mfp.npy,374_01_02_256_374_01_02_256_elec_Iz.npy,374_01_02_256_MIS_3D.npy,374_01_02_256_e_domain.npy,374_01_02_256_tOf_L.npy,374_01_02_256_tOf_R.npy,4.456103858,1
P_10,374_03_011_256_P_10_MPa_mfp.npy,374_03_011_256_374_03_011_256_elec_Iz.npy,374_03_011_256_MIS_3D.npy,374_03_011_256_e_domain.npy,374_03_011_256_tOf_L.npy,374_03_011_256_tOf_R.npy,4.470784758,1
P_20,374_02_011_256_P_20_MPa_mfp.npy,374_02_011_256_374_02_011_256_elec_Iz.npy,374_02_011_256_MIS_3D.npy,374_02_011_256_e_domain.npy,374_02_011_256_tOf_L.npy,374_02_011_256_tOf_R.npy,4.477435283,1
P_2,374_05_00_256_P_2_MPa_mfp.npy,374_05_00_256_374_05_00_256_elec_Iz.npy,374_05_00_256_MIS_3D.npy,374_05_00_256_e_domain.npy,374_05_00_256_tOf_L.npy,374_05_00_256_tOf_R.npy,4.503711688,1
P_20,374_05_02_256_P_20_MPa_mfp.npy,374_05_02_256_374_05_02_256_elec_Iz.npy,374_05_02_256_MIS_3D.npy,374_05_02_256_e_domain.npy,374_05_02_256_tOf_L.npy,374_05_02_256_tOf_R.npy,4.527051383,1
P_20,374_09_01_256_P_20_MPa_mfp.npy,374_09_01_256_374_09_01_256_elec_Iz.npy,374_09_01_256_MIS_3D.npy,374_09_01_256_e_domain.npy,374_09_01_256_tOf_L.npy,374_09_01_256_tOf_R.npy,4.531058227,1
P_10,374_02_010_256_P_10_MPa_mfp.npy,374_02_010_256_374_02_010_256_elec_Iz.npy,374_02_010_256_MIS_3D.npy,374_02_010_256_e_domain.npy,374_02_010_256_tOf_L.npy,374_02_010_256_tOf_R.npy,4.577420225,1
P_1,374_02_030_256_P_1_MPa_mfp.npy,374_02_030_256_374_02_030_256_elec_Iz.npy,374_02_030_256_MIS_3D.npy,374_02_030_256_e_domain.npy,374_02_030_256_tOf_L.npy,374_02_030_256_tOf_R.npy,4.582612315,1
P_2,374_02_020_256_P_2_MPa_mfp.npy,374_02_020_256_374_02_020_256_elec_Iz.npy,374_02_020_256_MIS_3D.npy,374_02_020_256_e_domain.npy,374_02_020_256_tOf_L.npy,374_02_020_256_tOf_R.npy,4.593068289,1
P_5,374_08_00_256_P_5_MPa_mfp.npy,374_08_00_256_374_08_00_256_elec_Iz.npy,374_08_00_256_MIS_3D.npy,374_08_00_256_e_domain.npy,374_08_00_256_tOf_L.npy,374_08_00_256_tOf_R.npy,4.607243792,1
P_10,374_05_03_256_P_10_MPa_mfp.npy,374_05_03_256_374_05_03_256_elec_Iz.npy,374_05_03_256_MIS_3D.npy,374_05_03_256_e_domain.npy,374_05_03_256_tOf_L.npy,374_05_03_256_tOf_R.npy,4.614174356,1
P_1,374_02_031_256_P_1_MPa_mfp.npy,374_02_031_256_374_02_031_256_elec_Iz.npy,374_02_031_256_MIS_3D.npy,374_02_031_256_e_domain.npy,374_02_031_256_tOf_L.npy,374_02_031_256_tOf_R.npy,4.615367579,1
P_1,374_07_01_256_P_1_MPa_mfp.npy,374_07_01_256_374_07_01_256_elec_Iz.npy,374_07_01_256_MIS_3D.npy,374_07_01_256_e_domain.npy,374_07_01_256_tOf_L.npy,374_07_01_256_tOf_R.npy,4.624006367,1
P_5,374_03_010_256_P_5_MPa_mfp.npy,374_03_010_256_374_03_010_256_elec_Iz.npy,374_03_010_256_MIS_3D.npy,374_03_010_256_e_domain.npy,374_03_010_256_tOf_L.npy,374_03_010_256_tOf_R.npy,4.626679099,1
P_2,374_02_021_256_P_2_MPa_mfp.npy,374_02_021_256_374_02_021_256_elec_Iz.npy,374_02_021_256_MIS_3D.npy,374_02_021_256_e_domain.npy,374_02_021_256_tOf_L.npy,374_02_021_256_tOf_R.npy,4.642439354,1
P_5,374_01_03_256_P_5_MPa_mfp.npy,374_01_03_256_374_01_03_256_elec_Iz.npy,374_01_03_256_MIS_3D.npy,374_01_03_256_e_domain.npy,374_01_03_256_tOf_L.npy,374_01_03_256_tOf_R.npy,4.644949781,1
P_1,374_01_05_256_P_1_MPa_mfp.npy,374_01_05_256_374_01_05_256_elec_Iz.npy,374_01_05_256_MIS_3D.npy,374_01_05_256_e_domain.npy,374_01_05_256_tOf_L.npy,374_01_05_256_tOf_R.npy,4.656473795,1
P_2,374_03_09_256_P_2_MPa_mfp.npy,374_03_09_256_374_03_09_256_elec_Iz.npy,374_03_09_256_MIS_3D.npy,374_03_09_256_e_domain.npy,374_03_09_256_tOf_L.npy,374_03_09_256_tOf_R.npy,4.658085361,1
P_10,374_03_015_256_P_10_MPa_mfp.npy,374_03_015_256_374_03_015_256_elec_Iz.npy,374_03_015_256_MIS_3D.npy,374_03_015_256_e_domain.npy,374_03_015_256_tOf_L.npy,374_03_015_256_tOf_R.npy,4.661076791,1
P_1,374_03_06_256_P_1_MPa_mfp.npy,374_03_06_256_374_03_06_256_elec_Iz.npy,374_03_06_256_MIS_3D.npy,374_03_06_256_e_domain.npy,374_03_06_256_tOf_L.npy,374_03_06_256_tOf_R.npy,4.662602645,1
P_2,374_03_07_256_P_2_MPa_mfp.npy,374_03_07_256_374_03_07_256_elec_Iz.npy,374_03_07_256_MIS_3D.npy,374_03_07_256_e_domain.npy,374_03_07_256_tOf_L.npy,374_03_07_256_tOf_R.npy,4.665422545,1
P_20,374_03_016_256_P_20_MPa_mfp.npy,374_03_016_256_374_03_016_256_elec_Iz.npy,374_03_016_256_MIS_3D.npy,374_03_016_256_e_domain.npy,374_03_016_256_tOf_L.npy,374_03_016_256_tOf_R.npy,4.666817803,1
P_10,374_03_014_256_P_10_MPa_mfp.npy,374_03_014_256_374_03_014_256_elec_Iz.npy,374_03_014_256_MIS_3D.npy,374_03_014_256_e_domain.npy,374_03_014_256_tOf_L.npy,374_03_014_256_tOf_R.npy,4.66839111,1
P_2,374_01_04_256_P_2_MPa_mfp.npy,374_01_04_256_374_01_04_256_elec_Iz.npy,374_01_04_256_MIS_3D.npy,374_01_04_256_e_domain.npy,374_01_04_256_tOf_L.npy,374_01_04_256_tOf_R.npy,4.673460855,1
P_20,374_02_013_256_P_20_MPa_mfp.npy,374_02_013_256_374_02_013_256_elec_Iz.npy,374_02_013_256_MIS_3D.npy,374_02_013_256_e_domain.npy,374_02_013_256_tOf_L.npy,374_02_013_256_tOf_R.npy,4.674220433,1
P_1,374_02_033_256_P_1_MPa_mfp.npy,374_02_033_256_374_02_033_256_elec_Iz.npy,374_02_033_256_MIS_3D.npy,374_02_033_256_e_domain.npy,374_02_033_256_tOf_L.npy,374_02_033_256_tOf_R.npy,4.682637264,1
P_10,374_02_011_256_P_10_MPa_mfp.npy,374_02_011_256_374_02_011_256_elec_Iz.npy,374_02_011_256_MIS_3D.npy,374_02_011_256_e_domain.npy,374_02_011_256_tOf_L.npy,374_02_011_256_tOf_R.npy,4.682805157,1
P_20,374_03_018_256_P_20_MPa_mfp.npy,374_03_018_256_374_03_018_256_elec_Iz.npy,374_03_018_256_MIS_3D.npy,374_03_018_256_e_domain.npy,374_03_018_256_tOf_L.npy,374_03_018_256_tOf_R.npy,4.683400412,1
P_10,374_01_02_256_P_10_MPa_mfp.npy,374_01_02_256_374_01_02_256_elec_Iz.npy,374_01_02_256_MIS_3D.npy,374_01_02_256_e_domain.npy,374_01_02_256_tOf_L.npy,374_01_02_256_tOf_R.npy,4.685702232,1
P_5,374_03_011_256_P_5_MPa_mfp.npy,374_03_011_256_374_03_011_256_elec_Iz.npy,374_03_011_256_MIS_3D.npy,374_03_011_256_e_domain.npy,374_03_011_256_tOf_L.npy,374_03_011_256_tOf_R.npy,4.686550238,1
P_2,374_03_08_256_P_2_MPa_mfp.npy,374_03_08_256_374_03_08_256_elec_Iz.npy,374_03_08_256_MIS_3D.npy,374_03_08_256_e_domain.npy,374_03_08_256_tOf_L.npy,374_03_08_256_tOf_R.npy,4.687790516,1
P_1,374_03_05_256_P_1_MPa_mfp.npy,374_03_05_256_374_03_05_256_elec_Iz.npy,374_03_05_256_MIS_3D.npy,374_03_05_256_e_domain.npy,374_03_05_256_tOf_L.npy,374_03_05_256_tOf_R.npy,4.688382399,1
P_2,374_02_022_256_P_2_MPa_mfp.npy,374_02_022_256_374_02_022_256_elec_Iz.npy,374_02_022_256_MIS_3D.npy,374_02_022_256_e_domain.npy,374_02_022_256_tOf_L.npy,374_02_022_256_tOf_R.npy,4.691110199,1
P_1,374_02_034_256_P_1_MPa_mfp.npy,374_02_034_256_374_02_034_256_elec_Iz.npy,374_02_034_256_MIS_3D.npy,374_02_034_256_e_domain.npy,374_02_034_256_tOf_L.npy,374_02_034_256_tOf_R.npy,4.709700218,1
P_1,374_03_04_256_P_1_MPa_mfp.npy,374_03_04_256_374_03_04_256_elec_Iz.npy,374_03_04_256_MIS_3D.npy,374_03_04_256_e_domain.npy,374_03_04_256_tOf_L.npy,374_03_04_256_tOf_R.npy,4.710213504,1
P_10,374_09_01_256_P_10_MPa_mfp.npy,374_09_01_256_374_09_01_256_elec_Iz.npy,374_09_01_256_MIS_3D.npy,374_09_01_256_e_domain.npy,374_09_01_256_tOf_L.npy,374_09_01_256_tOf_R.npy,4.720208416,1
P_20,374_09_03_256_P_20_MPa_mfp.npy,374_09_03_256_374_09_03_256_elec_Iz.npy,374_09_03_256_MIS_3D.npy,374_09_03_256_e_domain.npy,374_09_03_256_tOf_L.npy,374_09_03_256_tOf_R.npy,4.723949839,1
P_20,374_03_017_256_P_20_MPa_mfp.npy,374_03_017_256_374_03_017_256_elec_Iz.npy,374_03_017_256_MIS_3D.npy,374_03_017_256_e_domain.npy,374_03_017_256_tOf_L.npy,374_03_017_256_tOf_R.npy,4.724849524,1
P_2,374_02_023_256_P_2_MPa_mfp.npy,374_02_023_256_374_02_023_256_elec_Iz.npy,374_02_023_256_MIS_3D.npy,374_02_023_256_e_domain.npy,374_02_023_256_tOf_L.npy,374_02_023_256_tOf_R.npy,4.739628678,1
P_20,374_02_014_256_P_20_MPa_mfp.npy,374_02_014_256_374_02_014_256_elec_Iz.npy,374_02_014_256_MIS_3D.npy,374_02_014_256_e_domain.npy,374_02_014_256_tOf_L.npy,374_02_014_256_tOf_R.npy,4.744854192,1
P_10,374_05_02_256_P_10_MPa_mfp.npy,374_05_02_256_374_05_02_256_elec_Iz.npy,374_05_02_256_MIS_3D.npy,374_05_02_256_e_domain.npy,374_05_02_256_tOf_L.npy,374_05_02_256_tOf_R.npy,4.764676106,1
P_10,374_02_012_256_P_10_MPa_mfp.npy,374_02_012_256_374_02_012_256_elec_Iz.npy,374_02_012_256_MIS_3D.npy,374_02_012_256_e_domain.npy,374_02_012_256_tOf_L.npy,374_02_012_256_tOf_R.npy,4.775068204,1
P_5,374_02_010_256_P_5_MPa_mfp.npy,374_02_010_256_374_02_010_256_elec_Iz.npy,374_02_010_256_MIS_3D.npy,374_02_010_256_e_domain.npy,374_02_010_256_tOf_L.npy,374_02_010_256_tOf_R.npy,4.781200916,1
P_1,374_09_04_256_P_1_MPa_mfp.npy,374_09_04_256_374_09_04_256_elec_Iz.npy,374_09_04_256_MIS_3D.npy,374_09_04_256_e_domain.npy,374_09_04_256_tOf_L.npy,374_09_04_256_tOf_R.npy,4.782056661,1
P_1,374_05_00_256_P_1_MPa_mfp.npy,374_05_00_256_374_05_00_256_elec_Iz.npy,374_05_00_256_MIS_3D.npy,374_05_00_256_e_domain.npy,374_05_00_256_tOf_L.npy,374_05_00_256_tOf_R.npy,4.819634998,1
P_5,374_05_03_256_P_5_MPa_mfp.npy,374_05_03_256_374_05_03_256_elec_Iz.npy,374_05_03_256_MIS_3D.npy,374_05_03_256_e_domain.npy,374_05_03_256_tOf_L.npy,374_05_03_256_tOf_R.npy,4.837573034,1
P_10,374_02_013_256_P_10_MPa_mfp.npy,374_02_013_256_374_02_013_256_elec_Iz.npy,374_02_013_256_MIS_3D.npy,374_02_013_256_e_domain.npy,374_02_013_256_tOf_L.npy,374_02_013_256_tOf_R.npy,4.856355195,1
P_5,374_03_015_256_P_5_MPa_mfp.npy,374_03_015_256_374_03_015_256_elec_Iz.npy,374_03_015_256_MIS_3D.npy,374_03_015_256_e_domain.npy,374_03_015_256_tOf_L.npy,374_03_015_256_tOf_R.npy,4.866698149,1
P_5,374_02_011_256_P_5_MPa_mfp.npy,374_02_011_256_374_02_011_256_elec_Iz.npy,374_02_011_256_MIS_3D.npy,374_02_011_256_e_domain.npy,374_02_011_256_tOf_L.npy,374_02_011_256_tOf_R.npy,4.868893725,1
P_5,374_03_014_256_P_5_MPa_mfp.npy,374_03_014_256_374_03_014_256_elec_Iz.npy,374_03_014_256_MIS_3D.npy,374_03_014_256_e_domain.npy,374_03_014_256_tOf_L.npy,374_03_014_256_tOf_R.npy,4.873705886,1
P_10,374_03_016_256_P_10_MPa_mfp.npy,374_03_016_256_374_03_016_256_elec_Iz.npy,374_03_016_256_MIS_3D.npy,374_03_016_256_e_domain.npy,374_03_016_256_tOf_L.npy,374_03_016_256_tOf_R.npy,4.879977669,1
P_20,374_10_02_256_P_20_MPa_mfp.npy,374_10_02_256_374_10_02_256_elec_Iz.npy,374_10_02_256_MIS_3D.npy,374_10_02_256_e_domain.npy,374_10_02_256_tOf_L.npy,374_10_02_256_tOf_R.npy,4.887938425,1
P_5,374_09_01_256_P_5_MPa_mfp.npy,374_09_01_256_374_09_01_256_elec_Iz.npy,374_09_01_256_MIS_3D.npy,374_09_01_256_e_domain.npy,374_09_01_256_tOf_L.npy,374_09_01_256_tOf_R.npy,4.890040278,1
P_10,374_03_018_256_P_10_MPa_mfp.npy,374_03_018_256_374_03_018_256_elec_Iz.npy,374_03_018_256_MIS_3D.npy,374_03_018_256_e_domain.npy,374_03_018_256_tOf_L.npy,374_03_018_256_tOf_R.npy,4.893345666,1
P_5,374_01_02_256_P_5_MPa_mfp.npy,374_01_02_256_374_01_02_256_elec_Iz.npy,374_01_02_256_MIS_3D.npy,374_01_02_256_e_domain.npy,374_01_02_256_tOf_L.npy,374_01_02_256_tOf_R.npy,4.898793722,1
P_10,374_09_03_256_P_10_MPa_mfp.npy,374_09_03_256_374_09_03_256_elec_Iz.npy,374_09_03_256_MIS_3D.npy,374_09_03_256_e_domain.npy,374_09_03_256_tOf_L.npy,374_09_03_256_tOf_R.npy,4.909702703,1
P_2,374_08_00_256_P_2_MPa_mfp.npy,374_08_00_256_374_08_00_256_elec_Iz.npy,374_08_00_256_MIS_3D.npy,374_08_00_256_e_domain.npy,374_08_00_256_tOf_L.npy,374_08_00_256_tOf_R.npy,4.911456024,1
P_20,374_01_00_256_P_20_MPa_mfp.npy,374_01_00_256_374_01_00_256_elec_Iz.npy,374_01_00_256_MIS_3D.npy,374_01_00_256_e_domain.npy,374_01_00_256_tOf_L.npy,374_01_00_256_tOf_R.npy,4.91885708,1
P_10,374_02_014_256_P_10_MPa_mfp.npy,374_02_014_256_374_02_014_256_elec_Iz.npy,374_02_014_256_MIS_3D.npy,374_02_014_256_e_domain.npy,374_02_014_256_tOf_L.npy,374_02_014_256_tOf_R.npy,4.921099626,1
P_2,374_03_010_256_P_2_MPa_mfp.npy,374_03_010_256_374_03_010_256_elec_Iz.npy,374_03_010_256_MIS_3D.npy,374_03_010_256_e_domain.npy,374_03_010_256_tOf_L.npy,374_03_010_256_tOf_R.npy,4.927081394,1
P_10,374_03_017_256_P_10_MPa_mfp.npy,374_03_017_256_374_03_017_256_elec_Iz.npy,374_03_017_256_MIS_3D.npy,374_03_017_256_e_domain.npy,374_03_017_256_tOf_L.npy,374_03_017_256_tOf_R.npy,4.931821044,1
P_1,374_02_020_256_P_1_MPa_mfp.npy,374_02_020_256_374_02_020_256_elec_Iz.npy,374_02_020_256_MIS_3D.npy,374_02_020_256_e_domain.npy,374_02_020_256_tOf_L.npy,374_02_020_256_tOf_R.npy,4.943499688,1
P_5,374_02_012_256_P_5_MPa_mfp.npy,374_02_012_256_374_02_012_256_elec_Iz.npy,374_02_012_256_MIS_3D.npy,374_02_012_256_e_domain.npy,374_02_012_256_tOf_L.npy,374_02_012_256_tOf_R.npy,4.947403489,1
P_2,374_01_03_256_P_2_MPa_mfp.npy,374_01_03_256_374_01_03_256_elec_Iz.npy,374_01_03_256_MIS_3D.npy,374_01_03_256_e_domain.npy,374_01_03_256_tOf_L.npy,374_01_03_256_tOf_R.npy,4.957487686,1
P_5,374_05_02_256_P_5_MPa_mfp.npy,374_05_02_256_374_05_02_256_elec_Iz.npy,374_05_02_256_MIS_3D.npy,374_05_02_256_e_domain.npy,374_05_02_256_tOf_L.npy,374_05_02_256_tOf_R.npy,4.983262064,1
P_2,374_03_011_256_P_2_MPa_mfp.npy,374_03_011_256_374_03_011_256_elec_Iz.npy,374_03_011_256_MIS_3D.npy,374_03_011_256_e_domain.npy,374_03_011_256_tOf_L.npy,374_03_011_256_tOf_R.npy,4.98745079,1
P_1,374_03_09_256_P_1_MPa_mfp.npy,374_03_09_256_374_03_09_256_elec_Iz.npy,374_03_09_256_MIS_3D.npy,374_03_09_256_e_domain.npy,374_03_09_256_tOf_L.npy,374_03_09_256_tOf_R.npy,4.989205226,1
P_1,374_02_021_256_P_1_MPa_mfp.npy,374_02_021_256_374_02_021_256_elec_Iz.npy,374_02_021_256_MIS_3D.npy,374_02_021_256_e_domain.npy,374_02_021_256_tOf_L.npy,374_02_021_256_tOf_R.npy,4.991773888,1
P_1,374_03_07_256_P_1_MPa_mfp.npy,374_03_07_256_374_03_07_256_elec_Iz.npy,374_03_07_256_MIS_3D.npy,374_03_07_256_e_domain.npy,374_03_07_256_tOf_L.npy,374_03_07_256_tOf_R.npy,4.996817135,1
P_1,374_01_04_256_P_1_MPa_mfp.npy,374_01_04_256_374_01_04_256_elec_Iz.npy,374_01_04_256_MIS_3D.npy,374_01_04_256_e_domain.npy,374_01_04_256_tOf_L.npy,374_01_04_256_tOf_R.npy,5.010908912,1.727272727
P_5,374_02_013_256_P_5_MPa_mfp.npy,374_02_013_256_374_02_013_256_elec_Iz.npy,374_02_013_256_MIS_3D.npy,374_02_013_256_e_domain.npy,374_02_013_256_tOf_L.npy,374_02_013_256_tOf_R.npy,5.01873338,1.727272727
P_1,374_03_08_256_P_1_MPa_mfp.npy,374_03_08_256_374_03_08_256_elec_Iz.npy,374_03_08_256_MIS_3D.npy,374_03_08_256_e_domain.npy,374_03_08_256_tOf_L.npy,374_03_08_256_tOf_R.npy,5.019771622,1.727272727
P_20,374_02_01_256_P_20_MPa_mfp.npy,374_02_01_256_374_02_01_256_elec_Iz.npy,374_02_01_256_MIS_3D.npy,374_02_01_256_e_domain.npy,374_02_01_256_tOf_L.npy,374_02_01_256_tOf_R.npy,5.027962326,1.727272727
P_1,374_02_022_256_P_1_MPa_mfp.npy,374_02_022_256_374_02_022_256_elec_Iz.npy,374_02_022_256_MIS_3D.npy,374_02_022_256_e_domain.npy,374_02_022_256_tOf_L.npy,374_02_022_256_tOf_R.npy,5.03802128,1.727272727
P_5,374_03_016_256_P_5_MPa_mfp.npy,374_03_016_256_374_03_016_256_elec_Iz.npy,374_03_016_256_MIS_3D.npy,374_03_016_256_e_domain.npy,374_03_016_256_tOf_L.npy,374_03_016_256_tOf_R.npy,5.076297969,1.727272727
P_5,374_09_03_256_P_5_MPa_mfp.npy,374_09_03_256_374_09_03_256_elec_Iz.npy,374_09_03_256_MIS_3D.npy,374_09_03_256_e_domain.npy,374_09_03_256_tOf_L.npy,374_09_03_256_tOf_R.npy,5.076375149,1.727272727
P_5,374_02_014_256_P_5_MPa_mfp.npy,374_02_014_256_374_02_014_256_elec_Iz.npy,374_02_014_256_MIS_3D.npy,374_02_014_256_e_domain.npy,374_02_014_256_tOf_L.npy,374_02_014_256_tOf_R.npy,5.077846178,1.727272727
P_2,374_02_010_256_P_2_MPa_mfp.npy,374_02_010_256_374_02_010_256_elec_Iz.npy,374_02_010_256_MIS_3D.npy,374_02_010_256_e_domain.npy,374_02_010_256_tOf_L.npy,374_02_010_256_tOf_R.npy,5.08153833,1.727272727
P_1,374_02_023_256_P_1_MPa_mfp.npy,374_02_023_256_374_02_023_256_elec_Iz.npy,374_02_023_256_MIS_3D.npy,374_02_023_256_e_domain.npy,374_02_023_256_tOf_L.npy,374_02_023_256_tOf_R.npy,5.082882726,1.727272727
P_5,374_03_018_256_P_5_MPa_mfp.npy,374_03_018_256_374_03_018_256_elec_Iz.npy,374_03_018_256_MIS_3D.npy,374_03_018_256_e_domain.npy,374_03_018_256_tOf_L.npy,374_03_018_256_tOf_R.npy,5.085889943,1.727272727
P_20,374_05_01_256_P_20_MPa_mfp.npy,374_05_01_256_374_05_01_256_elec_Iz.npy,374_05_01_256_MIS_3D.npy,374_05_01_256_e_domain.npy,374_05_01_256_tOf_L.npy,374_05_01_256_tOf_R.npy,5.109464466,1.727272727
P_5,374_03_017_256_P_5_MPa_mfp.npy,374_03_017_256_374_03_017_256_elec_Iz.npy,374_03_017_256_MIS_3D.npy,374_03_017_256_e_domain.npy,374_03_017_256_tOf_L.npy,374_03_017_256_tOf_R.npy,5.121280395,1.727272727
P_10,374_01_00_256_P_10_MPa_mfp.npy,374_01_00_256_374_01_00_256_elec_Iz.npy,374_01_00_256_MIS_3D.npy,374_01_00_256_e_domain.npy,374_01_00_256_tOf_L.npy,374_01_00_256_tOf_R.npy,5.128213057,1.727272727
P_2,374_09_01_256_P_2_MPa_mfp.npy,374_09_01_256_374_09_01_256_elec_Iz.npy,374_09_01_256_MIS_3D.npy,374_09_01_256_e_domain.npy,374_09_01_256_tOf_L.npy,374_09_01_256_tOf_R.npy,5.134626004,1.727272727
P_2,374_02_011_256_P_2_MPa_mfp.npy,374_02_011_256_374_02_011_256_elec_Iz.npy,374_02_011_256_MIS_3D.npy,374_02_011_256_e_domain.npy,374_02_011_256_tOf_L.npy,374_02_011_256_tOf_R.npy,5.149207788,1.727272727
P_2,374_05_03_256_P_2_MPa_mfp.npy,374_05_03_256_374_05_03_256_elec_Iz.npy,374_05_03_256_MIS_3D.npy,374_05_03_256_e_domain.npy,374_05_03_256_tOf_L.npy,374_05_03_256_tOf_R.npy,5.150439274,1.727272727
P_2,374_03_015_256_P_2_MPa_mfp.npy,374_03_015_256_374_03_015_256_elec_Iz.npy,374_03_015_256_MIS_3D.npy,374_03_015_256_e_domain.npy,374_03_015_256_tOf_L.npy,374_03_015_256_tOf_R.npy,5.154416666,1.727272727
P_2,374_03_014_256_P_2_MPa_mfp.npy,374_03_014_256_374_03_014_256_elec_Iz.npy,374_03_014_256_MIS_3D.npy,374_03_014_256_e_domain.npy,374_03_014_256_tOf_L.npy,374_03_014_256_tOf_R.npy,5.160505394,1.727272727
P_20,374_02_02_256_P_20_MPa_mfp.npy,374_02_02_256_374_02_02_256_elec_Iz.npy,374_02_02_256_MIS_3D.npy,374_02_02_256_e_domain.npy,374_02_02_256_tOf_L.npy,374_02_02_256_tOf_R.npy,5.163151271,1.727272727
P_2,374_01_02_256_P_2_MPa_mfp.npy,374_01_02_256_374_01_02_256_elec_Iz.npy,374_01_02_256_MIS_3D.npy,374_01_02_256_e_domain.npy,374_01_02_256_tOf_L.npy,374_01_02_256_tOf_R.npy,5.195436348,1.727272727
P_1,374_08_00_256_P_1_MPa_mfp.npy,374_08_00_256_374_08_00_256_elec_Iz.npy,374_08_00_256_MIS_3D.npy,374_08_00_256_e_domain.npy,374_08_00_256_tOf_L.npy,374_08_00_256_tOf_R.npy,5.20021012,1.727272727
P_2,374_02_012_256_P_2_MPa_mfp.npy,374_02_012_256_374_02_012_256_elec_Iz.npy,374_02_012_256_MIS_3D.npy,374_02_012_256_e_domain.npy,374_02_012_256_tOf_L.npy,374_02_012_256_tOf_R.npy,5.211607368,1.727272727
P_10,374_02_01_256_P_10_MPa_mfp.npy,374_02_01_256_374_02_01_256_elec_Iz.npy,374_02_01_256_MIS_3D.npy,374_02_01_256_e_domain.npy,374_02_01_256_tOf_L.npy,374_02_01_256_tOf_R.npy,5.223427318,1.727272727
P_1,374_03_010_256_P_1_MPa_mfp.npy,374_03_010_256_374_03_010_256_elec_Iz.npy,374_03_010_256_MIS_3D.npy,374_03_010_256_e_domain.npy,374_03_010_256_tOf_L.npy,374_03_010_256_tOf_R.npy,5.245624553,1.727272727
P_2,374_02_013_256_P_2_MPa_mfp.npy,374_02_013_256_374_02_013_256_elec_Iz.npy,374_02_013_256_MIS_3D.npy,374_02_013_256_e_domain.npy,374_02_013_256_tOf_L.npy,374_02_013_256_tOf_R.npy,5.271150578,1.727272727
P_1,374_01_03_256_P_1_MPa_mfp.npy,374_01_03_256_374_01_03_256_elec_Iz.npy,374_01_03_256_MIS_3D.npy,374_01_03_256_e_domain.npy,374_01_03_256_tOf_L.npy,374_01_03_256_tOf_R.npy,5.282494103,1.727272727
P_20,374_02_03_256_P_20_MPa_mfp.npy,374_02_03_256_374_02_03_256_elec_Iz.npy,374_02_03_256_MIS_3D.npy,374_02_03_256_e_domain.npy,374_02_03_256_tOf_L.npy,374_02_03_256_tOf_R.npy,5.284411114,1.727272727
P_2,374_05_02_256_P_2_MPa_mfp.npy,374_05_02_256_374_05_02_256_elec_Iz.npy,374_05_02_256_MIS_3D.npy,374_05_02_256_e_domain.npy,374_05_02_256_tOf_L.npy,374_05_02_256_tOf_R.npy,5.286965224,1.727272727
P_10,374_05_01_256_P_10_MPa_mfp.npy,374_05_01_256_374_05_01_256_elec_Iz.npy,374_05_01_256_MIS_3D.npy,374_05_01_256_e_domain.npy,374_05_01_256_tOf_L.npy,374_05_01_256_tOf_R.npy,5.29269769,1.727272727
P_5,374_10_02_256_P_5_MPa_mfp.npy,374_10_02_256_374_10_02_256_elec_Iz.npy,374_10_02_256_MIS_3D.npy,374_10_02_256_e_domain.npy,374_10_02_256_tOf_L.npy,374_10_02_256_tOf_R.npy,5.298671385,1.727272727
P_1,374_03_011_256_P_1_MPa_mfp.npy,374_03_011_256_374_03_011_256_elec_Iz.npy,374_03_011_256_MIS_3D.npy,374_03_011_256_e_domain.npy,374_03_011_256_tOf_L.npy,374_03_011_256_tOf_R.npy,5.307655024,1.727272727
P_2,374_09_03_256_P_2_MPa_mfp.npy,374_09_03_256_374_09_03_256_elec_Iz.npy,374_09_03_256_MIS_3D.npy,374_09_03_256_e_domain.npy,374_09_03_256_tOf_L.npy,374_09_03_256_tOf_R.npy,5.31787895,1.727272727
P_5,374_01_00_256_P_5_MPa_mfp.npy,374_01_00_256_374_01_00_256_elec_Iz.npy,374_01_00_256_MIS_3D.npy,374_01_00_256_e_domain.npy,374_01_00_256_tOf_L.npy,374_01_00_256_tOf_R.npy,5.320784596,1.727272727
P_2,374_02_014_256_P_2_MPa_mfp.npy,374_02_014_256_374_02_014_256_elec_Iz.npy,374_02_014_256_MIS_3D.npy,374_02_014_256_e_domain.npy,374_02_014_256_tOf_L.npy,374_02_014_256_tOf_R.npy,5.323433876,1.727272727
P_10,374_02_02_256_P_10_MPa_mfp.npy,374_02_02_256_374_02_02_256_elec_Iz.npy,374_02_02_256_MIS_3D.npy,374_02_02_256_e_domain.npy,374_02_02_256_tOf_L.npy,374_02_02_256_tOf_R.npy,5.342597389,1.727272727
P_2,374_03_016_256_P_2_MPa_mfp.npy,374_03_016_256_374_03_016_256_elec_Iz.npy,374_03_016_256_MIS_3D.npy,374_03_016_256_e_domain.npy,374_03_016_256_tOf_L.npy,374_03_016_256_tOf_R.npy,5.35206155,1.727272727
P_2,374_03_018_256_P_2_MPa_mfp.npy,374_03_018_256_374_03_018_256_elec_Iz.npy,374_03_018_256_MIS_3D.npy,374_03_018_256_e_domain.npy,374_03_018_256_tOf_L.npy,374_03_018_256_tOf_R.npy,5.356029901,1.727272727
P_20,374_02_04_256_P_20_MPa_mfp.npy,374_02_04_256_374_02_04_256_elec_Iz.npy,374_02_04_256_MIS_3D.npy,374_02_04_256_e_domain.npy,374_02_04_256_tOf_L.npy,374_02_04_256_tOf_R.npy,5.380447401,1.727272727
P_2,374_03_017_256_P_2_MPa_mfp.npy,374_03_017_256_374_03_017_256_elec_Iz.npy,374_03_017_256_MIS_3D.npy,374_03_017_256_e_domain.npy,374_03_017_256_tOf_L.npy,374_03_017_256_tOf_R.npy,5.388846856,1.727272727
P_5,374_02_01_256_P_5_MPa_mfp.npy,374_02_01_256_374_02_01_256_elec_Iz.npy,374_02_01_256_MIS_3D.npy,374_02_01_256_e_domain.npy,374_02_01_256_tOf_L.npy,374_02_01_256_tOf_R.npy,5.393751473,1.727272727
P_1,374_02_010_256_P_1_MPa_mfp.npy,374_02_010_256_374_02_010_256_elec_Iz.npy,374_02_010_256_MIS_3D.npy,374_02_010_256_e_domain.npy,374_02_010_256_tOf_L.npy,374_02_010_256_tOf_R.npy,5.403835918,1.727272727
P_1,374_09_01_256_P_1_MPa_mfp.npy,374_09_01_256_374_09_01_256_elec_Iz.npy,374_09_01_256_MIS_3D.npy,374_09_01_256_e_domain.npy,374_09_01_256_tOf_L.npy,374_09_01_256_tOf_R.npy,5.417151551,1.727272727
P_10,374_02_03_256_P_10_MPa_mfp.npy,374_02_03_256_374_02_03_256_elec_Iz.npy,374_02_03_256_MIS_3D.npy,374_02_03_256_e_domain.npy,374_02_03_256_tOf_L.npy,374_02_03_256_tOf_R.npy,5.450828394,1.727272727
P_5,374_05_01_256_P_5_MPa_mfp.npy,374_05_01_256_374_05_01_256_elec_Iz.npy,374_05_01_256_MIS_3D.npy,374_05_01_256_e_domain.npy,374_05_01_256_tOf_L.npy,374_05_01_256_tOf_R.npy,5.4548255,1.727272727
P_1,374_03_015_256_P_1_MPa_mfp.npy,374_03_015_256_374_03_015_256_elec_Iz.npy,374_03_015_256_MIS_3D.npy,374_03_015_256_e_domain.npy,374_03_015_256_tOf_L.npy,374_03_015_256_tOf_R.npy,5.461940909,1.727272727
P_1,374_02_011_256_P_1_MPa_mfp.npy,374_02_011_256_374_02_011_256_elec_Iz.npy,374_02_011_256_MIS_3D.npy,374_02_011_256_e_domain.npy,374_02_011_256_tOf_L.npy,374_02_011_256_tOf_R.npy,5.465708008,1.727272727
P_1,374_03_014_256_P_1_MPa_mfp.npy,374_03_014_256_374_03_014_256_elec_Iz.npy,374_03_014_256_MIS_3D.npy,374_03_014_256_e_domain.npy,374_03_014_256_tOf_L.npy,374_03_014_256_tOf_R.npy,5.468417705,1.727272727
P_1,374_05_03_256_P_1_MPa_mfp.npy,374_05_03_256_374_05_03_256_elec_Iz.npy,374_05_03_256_MIS_3D.npy,374_05_03_256_e_domain.npy,374_05_03_256_tOf_L.npy,374_05_03_256_tOf_R.npy,5.486132499,1.727272727
P_5,374_02_02_256_P_5_MPa_mfp.npy,374_02_02_256_374_02_02_256_elec_Iz.npy,374_02_02_256_MIS_3D.npy,374_02_02_256_e_domain.npy,374_02_02_256_tOf_L.npy,374_02_02_256_tOf_R.npy,5.49463313,1.727272727
P_1,374_01_02_256_P_1_MPa_mfp.npy,374_01_02_256_374_01_02_256_elec_Iz.npy,374_01_02_256_MIS_3D.npy,374_01_02_256_e_domain.npy,374_01_02_256_tOf_L.npy,374_01_02_256_tOf_R.npy,5.508457458,1.727272727
P_1,374_02_012_256_P_1_MPa_mfp.npy,374_02_012_256_374_02_012_256_elec_Iz.npy,374_02_012_256_MIS_3D.npy,374_02_012_256_e_domain.npy,374_02_012_256_tOf_L.npy,374_02_012_256_tOf_R.npy,5.522010923,1.727272727
P_10,374_02_04_256_P_10_MPa_mfp.npy,374_02_04_256_374_02_04_256_elec_Iz.npy,374_02_04_256_MIS_3D.npy,374_02_04_256_e_domain.npy,374_02_04_256_tOf_L.npy,374_02_04_256_tOf_R.npy,5.538214559,1.727272727
P_1,374_02_013_256_P_1_MPa_mfp.npy,374_02_013_256_374_02_013_256_elec_Iz.npy,374_02_013_256_MIS_3D.npy,374_02_013_256_e_domain.npy,374_02_013_256_tOf_L.npy,374_02_013_256_tOf_R.npy,5.575543596,1.727272727
P_2,374_10_02_256_P_2_MPa_mfp.npy,374_10_02_256_374_10_02_256_elec_Iz.npy,374_10_02_256_MIS_3D.npy,374_10_02_256_e_domain.npy,374_10_02_256_tOf_L.npy,374_10_02_256_tOf_R.npy,5.575837324,1.727272727
P_5,374_02_03_256_P_5_MPa_mfp.npy,374_02_03_256_374_02_03_256_elec_Iz.npy,374_02_03_256_MIS_3D.npy,374_02_03_256_e_domain.npy,374_02_03_256_tOf_L.npy,374_02_03_256_tOf_R.npy,5.588075839,1.727272727
P_2,374_01_00_256_P_2_MPa_mfp.npy,374_01_00_256_374_01_00_256_elec_Iz.npy,374_01_00_256_MIS_3D.npy,374_01_00_256_e_domain.npy,374_01_00_256_tOf_L.npy,374_01_00_256_tOf_R.npy,5.593313785,1.727272727
P_1,374_09_03_256_P_1_MPa_mfp.npy,374_09_03_256_374_09_03_256_elec_Iz.npy,374_09_03_256_MIS_3D.npy,374_09_03_256_e_domain.npy,374_09_03_256_tOf_L.npy,374_09_03_256_tOf_R.npy,5.596252828,1.727272727
P_1,374_05_02_256_P_1_MPa_mfp.npy,374_05_02_256_374_05_02_256_elec_Iz.npy,374_05_02_256_MIS_3D.npy,374_05_02_256_e_domain.npy,374_05_02_256_tOf_L.npy,374_05_02_256_tOf_R.npy,5.609006304,1.727272727
P_1,374_02_014_256_P_1_MPa_mfp.npy,374_02_014_256_374_02_014_256_elec_Iz.npy,374_02_014_256_MIS_3D.npy,374_02_014_256_e_domain.npy,374_02_014_256_tOf_L.npy,374_02_014_256_tOf_R.npy,5.622585843,1.727272727
P_2,374_02_01_256_P_2_MPa_mfp.npy,374_02_01_256_374_02_01_256_elec_Iz.npy,374_02_01_256_MIS_3D.npy,374_02_01_256_e_domain.npy,374_02_01_256_tOf_L.npy,374_02_01_256_tOf_R.npy,5.633920455,1.727272727
P_1,374_03_016_256_P_1_MPa_mfp.npy,374_03_016_256_374_03_016_256_elec_Iz.npy,374_03_016_256_MIS_3D.npy,374_03_016_256_e_domain.npy,374_03_016_256_tOf_L.npy,374_03_016_256_tOf_R.npy,5.650103148,1.727272727
P_1,374_03_018_256_P_1_MPa_mfp.npy,374_03_018_256_374_03_018_256_elec_Iz.npy,374_03_018_256_MIS_3D.npy,374_03_018_256_e_domain.npy,374_03_018_256_tOf_L.npy,374_03_018_256_tOf_R.npy,5.650629375,1.727272727
P_5,374_02_04_256_P_5_MPa_mfp.npy,374_02_04_256_374_02_04_256_elec_Iz.npy,374_02_04_256_MIS_3D.npy,374_02_04_256_e_domain.npy,374_02_04_256_tOf_L.npy,374_02_04_256_tOf_R.npy,5.665517191,1.727272727
P_1,374_03_017_256_P_1_MPa_mfp.npy,374_03_017_256_374_03_017_256_elec_Iz.npy,374_03_017_256_MIS_3D.npy,374_03_017_256_e_domain.npy,374_03_017_256_tOf_L.npy,374_03_017_256_tOf_R.npy,5.684160116,1.727272727
P_2,374_05_01_256_P_2_MPa_mfp.npy,374_05_01_256_374_05_01_256_elec_Iz.npy,374_05_01_256_MIS_3D.npy,374_05_01_256_e_domain.npy,374_05_01_256_tOf_L.npy,374_05_01_256_tOf_R.npy,5.688362395,1.727272727
P_2,374_02_02_256_P_2_MPa_mfp.npy,374_02_02_256_374_02_02_256_elec_Iz.npy,374_02_02_256_MIS_3D.npy,374_02_02_256_e_domain.npy,374_02_02_256_tOf_L.npy,374_02_02_256_tOf_R.npy,5.711785712,5
P_2,374_02_03_256_P_2_MPa_mfp.npy,374_02_03_256_374_02_03_256_elec_Iz.npy,374_02_03_256_MIS_3D.npy,374_02_03_256_e_domain.npy,374_02_03_256_tOf_L.npy,374_02_03_256_tOf_R.npy,5.786606128,5
P_2,374_02_04_256_P_2_MPa_mfp.npy,374_02_04_256_374_02_04_256_elec_Iz.npy,374_02_04_256_MIS_3D.npy,374_02_04_256_e_domain.npy,374_02_04_256_tOf_L.npy,374_02_04_256_tOf_R.npy,5.851026399,5
P_1,374_10_02_256_P_1_MPa_mfp.npy,374_10_02_256_374_10_02_256_elec_Iz.npy,374_10_02_256_MIS_3D.npy,374_10_02_256_e_domain.npy,374_10_02_256_tOf_L.npy,374_10_02_256_tOf_R.npy,5.868019965,5
P_1,374_01_00_256_P_1_MPa_mfp.npy,374_01_00_256_374_01_00_256_elec_Iz.npy,374_01_00_256_MIS_3D.npy,374_01_00_256_e_domain.npy,374_01_00_256_tOf_L.npy,374_01_00_256_tOf_R.npy,5.88480017,5
P_1,374_02_01_256_P_1_MPa_mfp.npy,374_02_01_256_374_02_01_256_elec_Iz.npy,374_02_01_256_MIS_3D.npy,374_02_01_256_e_domain.npy,374_02_01_256_tOf_L.npy,374_02_01_256_tOf_R.npy,5.90663384,5
P_1,374_05_01_256_P_1_MPa_mfp.npy,374_05_01_256_374_05_01_256_elec_Iz.npy,374_05_01_256_MIS_3D.npy,374_05_01_256_e_domain.npy,374_05_01_256_tOf_L.npy,374_05_01_256_tOf_R.npy,5.963617071,5
P_1,374_02_02_256_P_1_MPa_mfp.npy,374_02_02_256_374_02_02_256_elec_Iz.npy,374_02_02_256_MIS_3D.npy,374_02_02_256_e_domain.npy,374_02_02_256_tOf_L.npy,374_02_02_256_tOf_R.npy,5.973135845,5
P_1,374_02_03_256_P_1_MPa_mfp.npy,374_02_03_256_374_02_03_256_elec_Iz.npy,374_02_03_256_MIS_3D.npy,374_02_03_256_e_domain.npy,374_02_03_256_tOf_L.npy,374_02_03_256_tOf_R.npy,6.03783083,5
P_1,374_02_04_256_P_1_MPa_mfp.npy,374_02_04_256_374_02_04_256_elec_Iz.npy,374_02_04_256_MIS_3D.npy,374_02_04_256_e_domain.npy,374_02_04_256_tOf_L.npy,374_02_04_256_tOf_R.npy,6.094193132,5
