mpa_uz,elec_uz,label,train
339_02_256_P_1_MPa_mfp.npy,339_02_256_339_02_256_elec_Iz.npy,7.142175395,1
339_02_256_P_10_MPa_mfp.npy,339_02_256_339_02_256_elec_Iz.npy,7.142175395,1
339_02_256_P_2_MPa_mfp.npy,339_02_256_339_02_256_elec_Iz.npy,7.142175395,1
339_02_256_P_20_MPa_mfp.npy,339_02_256_339_02_256_elec_Iz.npy,7.142175395,1
339_02_256_P_5_MPa_mfp.npy,339_02_256_339_02_256_elec_Iz.npy,7.142175395,1
135_00_256_P_1_MPa_mfp.npy,135_00_256_135_00_256_elec_Iz.npy,7.191491088,1
135_00_256_P_10_MPa_mfp.npy,135_00_256_135_00_256_elec_Iz.npy,7.191491088,0
135_00_256_P_2_MPa_mfp.npy,135_00_256_135_00_256_elec_Iz.npy,7.191491088,0
135_00_256_P_20_MPa_mfp.npy,135_00_256_135_00_256_elec_Iz.npy,7.191491088,0
135_00_256_P_5_MPa_mfp.npy,135_00_256_135_00_256_elec_Iz.npy,7.191491088,0
339_01_256_P_1_MPa_mfp.npy,339_01_256_339_01_256_elec_Iz.npy,7.254163906,0
339_01_256_P_10_MPa_mfp.npy,339_01_256_339_01_256_elec_Iz.npy,7.254163906,0
339_01_256_P_2_MPa_mfp.npy,339_01_256_339_01_256_elec_Iz.npy,7.254163906,0
339_01_256_P_20_MPa_mfp.npy,339_01_256_339_01_256_elec_Iz.npy,7.254163906,0
339_01_256_P_5_MPa_mfp.npy,339_01_256_339_01_256_elec_Iz.npy,7.254163906,0
207_01_256_P_1_MPa_mfp.npy,207_01_256_207_01_256_elec_Iz.npy,7.334084645,0
207_01_256_P_10_MPa_mfp.npy,207_01_256_207_01_256_elec_Iz.npy,7.334084645,0
207_01_256_P_2_MPa_mfp.npy,207_01_256_207_01_256_elec_Iz.npy,7.334084645,0
207_01_256_P_20_MPa_mfp.npy,207_01_256_207_01_256_elec_Iz.npy,7.334084645,0
207_01_256_P_5_MPa_mfp.npy,207_01_256_207_01_256_elec_Iz.npy,7.334084645,0
374_02_033_256_P_1_MPa_mfp.npy,374_02_033_256_374_02_033_256_elec_Iz.npy,7.334286093,1
374_02_033_256_P_10_MPa_mfp.npy,374_02_033_256_374_02_033_256_elec_Iz.npy,7.334286093,1
374_02_033_256_P_2_MPa_mfp.npy,374_02_033_256_374_02_033_256_elec_Iz.npy,7.334286093,1
374_02_033_256_P_20_MPa_mfp.npy,374_02_033_256_374_02_033_256_elec_Iz.npy,7.334286093,1
374_02_033_256_P_5_MPa_mfp.npy,374_02_033_256_374_02_033_256_elec_Iz.npy,7.334286093,1
374_02_032_256_P_1_MPa_mfp.npy,374_02_032_256_374_02_032_256_elec_Iz.npy,7.334316062,1
374_02_032_256_P_10_MPa_mfp.npy,374_02_032_256_374_02_032_256_elec_Iz.npy,7.334316062,1
374_02_032_256_P_2_MPa_mfp.npy,374_02_032_256_374_02_032_256_elec_Iz.npy,7.334316062,1
374_02_032_256_P_20_MPa_mfp.npy,374_02_032_256_374_02_032_256_elec_Iz.npy,7.334316062,1
374_02_034_256_P_1_MPa_mfp.npy,374_02_034_256_374_02_034_256_elec_Iz.npy,7.33450904,1
374_02_034_256_P_10_MPa_mfp.npy,374_02_034_256_374_02_034_256_elec_Iz.npy,7.33450904,1
374_02_034_256_P_2_MPa_mfp.npy,374_02_034_256_374_02_034_256_elec_Iz.npy,7.33450904,1
374_02_034_256_P_20_MPa_mfp.npy,374_02_034_256_374_02_034_256_elec_Iz.npy,7.33450904,1
374_02_034_256_P_5_MPa_mfp.npy,374_02_034_256_374_02_034_256_elec_Iz.npy,7.33450904,1
374_02_031_256_P_1_MPa_mfp.npy,374_02_031_256_374_02_031_256_elec_Iz.npy,7.334701912,1
374_02_031_256_P_10_MPa_mfp.npy,374_02_031_256_374_02_031_256_elec_Iz.npy,7.334701912,1
374_02_031_256_P_2_MPa_mfp.npy,374_02_031_256_374_02_031_256_elec_Iz.npy,7.334701912,1
374_02_031_256_P_20_MPa_mfp.npy,374_02_031_256_374_02_031_256_elec_Iz.npy,7.334701912,1
374_02_031_256_P_5_MPa_mfp.npy,374_02_031_256_374_02_031_256_elec_Iz.npy,7.334701912,1
374_02_030_256_P_1_MPa_mfp.npy,374_02_030_256_374_02_030_256_elec_Iz.npy,7.334974913,1
374_02_030_256_P_10_MPa_mfp.npy,374_02_030_256_374_02_030_256_elec_Iz.npy,7.334974913,1
374_02_030_256_P_2_MPa_mfp.npy,374_02_030_256_374_02_030_256_elec_Iz.npy,7.334974913,1
374_02_030_256_P_20_MPa_mfp.npy,374_02_030_256_374_02_030_256_elec_Iz.npy,7.334974913,1
374_02_030_256_P_5_MPa_mfp.npy,374_02_030_256_374_02_030_256_elec_Iz.npy,7.334974913,1
172_03_256_P_10_MPa_mfp.npy,172_03_256_172_03_256_elec_Iz.npy,7.431872716,0
172_03_256_P_20_MPa_mfp.npy,172_03_256_172_03_256_elec_Iz.npy,7.431872716,0
73_02_256_P_1_MPa_mfp.npy,73_02_256_73_02_256_elec_Iz.npy,7.458763014,0
73_02_256_P_10_MPa_mfp.npy,73_02_256_73_02_256_elec_Iz.npy,7.458763014,0
73_02_256_P_2_MPa_mfp.npy,73_02_256_73_02_256_elec_Iz.npy,7.458763014,0
73_02_256_P_20_MPa_mfp.npy,73_02_256_73_02_256_elec_Iz.npy,7.458763014,0
73_02_256_P_5_MPa_mfp.npy,73_02_256_73_02_256_elec_Iz.npy,7.458763014,0
207_02_256_P_1_MPa_mfp.npy,207_02_256_207_02_256_elec_Iz.npy,7.564462999,0
207_02_256_P_10_MPa_mfp.npy,207_02_256_207_02_256_elec_Iz.npy,7.564462999,0
207_02_256_P_20_MPa_mfp.npy,207_02_256_207_02_256_elec_Iz.npy,7.564462999,0
207_02_256_P_5_MPa_mfp.npy,207_02_256_207_02_256_elec_Iz.npy,7.564462999,0
374_02_020_256_P_1_MPa_mfp.npy,374_02_020_256_374_02_020_256_elec_Iz.npy,7.607474679,1
374_02_020_256_P_10_MPa_mfp.npy,374_02_020_256_374_02_020_256_elec_Iz.npy,7.607474679,1
374_02_020_256_P_2_MPa_mfp.npy,374_02_020_256_374_02_020_256_elec_Iz.npy,7.607474679,1
374_02_020_256_P_20_MPa_mfp.npy,374_02_020_256_374_02_020_256_elec_Iz.npy,7.607474679,1
374_02_020_256_P_5_MPa_mfp.npy,374_02_020_256_374_02_020_256_elec_Iz.npy,7.607474679,1
374_02_021_256_P_1_MPa_mfp.npy,374_02_021_256_374_02_021_256_elec_Iz.npy,7.609557082,1
374_02_021_256_P_10_MPa_mfp.npy,374_02_021_256_374_02_021_256_elec_Iz.npy,7.609557082,1
374_02_021_256_P_2_MPa_mfp.npy,374_02_021_256_374_02_021_256_elec_Iz.npy,7.609557082,1
374_02_021_256_P_20_MPa_mfp.npy,374_02_021_256_374_02_021_256_elec_Iz.npy,7.609557082,1
374_02_021_256_P_5_MPa_mfp.npy,374_02_021_256_374_02_021_256_elec_Iz.npy,7.609557082,1
374_02_024_256_P_1_MPa_mfp.npy,374_02_024_256_374_02_024_256_elec_Iz.npy,7.60967919,1
374_02_024_256_P_10_MPa_mfp.npy,374_02_024_256_374_02_024_256_elec_Iz.npy,7.60967919,1
374_02_024_256_P_2_MPa_mfp.npy,374_02_024_256_374_02_024_256_elec_Iz.npy,7.60967919,1
374_02_024_256_P_20_MPa_mfp.npy,374_02_024_256_374_02_024_256_elec_Iz.npy,7.60967919,1
374_02_024_256_P_5_MPa_mfp.npy,374_02_024_256_374_02_024_256_elec_Iz.npy,7.60967919,1
374_02_023_256_P_1_MPa_mfp.npy,374_02_023_256_374_02_023_256_elec_Iz.npy,7.610463813,1
374_02_023_256_P_10_MPa_mfp.npy,374_02_023_256_374_02_023_256_elec_Iz.npy,7.610463813,1
374_02_023_256_P_2_MPa_mfp.npy,374_02_023_256_374_02_023_256_elec_Iz.npy,7.610463813,1
374_02_023_256_P_20_MPa_mfp.npy,374_02_023_256_374_02_023_256_elec_Iz.npy,7.610463813,1
374_02_023_256_P_5_MPa_mfp.npy,374_02_023_256_374_02_023_256_elec_Iz.npy,7.610463813,1
374_02_022_256_P_1_MPa_mfp.npy,374_02_022_256_374_02_022_256_elec_Iz.npy,7.610510774,1
374_02_022_256_P_10_MPa_mfp.npy,374_02_022_256_374_02_022_256_elec_Iz.npy,7.610510774,1
374_02_022_256_P_2_MPa_mfp.npy,374_02_022_256_374_02_022_256_elec_Iz.npy,7.610510774,1
374_02_022_256_P_20_MPa_mfp.npy,374_02_022_256_374_02_022_256_elec_Iz.npy,7.610510774,1
374_02_022_256_P_5_MPa_mfp.npy,374_02_022_256_374_02_022_256_elec_Iz.npy,7.610510774,1
72_02_256_P_1_MPa_mfp.npy,72_02_256_72_02_256_elec_Iz.npy,7.702384985,0
72_02_256_P_10_MPa_mfp.npy,72_02_256_72_02_256_elec_Iz.npy,7.702384985,0
72_02_256_P_2_MPa_mfp.npy,72_02_256_72_02_256_elec_Iz.npy,7.702384985,0
72_02_256_P_20_MPa_mfp.npy,72_02_256_72_02_256_elec_Iz.npy,7.702384985,0
72_02_256_P_5_MPa_mfp.npy,72_02_256_72_02_256_elec_Iz.npy,7.702384985,0
344_04_256_P_1_MPa_mfp.npy,344_04_256_344_04_256_elec_Iz.npy,7.70390994,0
344_04_256_P_20_MPa_mfp.npy,344_04_256_344_04_256_elec_Iz.npy,7.70390994,0
344_05_256_P_2_MPa_mfp.npy,344_05_256_344_05_256_elec_Iz.npy,7.717925979,0
344_05_256_P_5_MPa_mfp.npy,344_05_256_344_05_256_elec_Iz.npy,7.717925979,0
374_01_07_256_P_10_MPa_mfp.npy,374_01_07_256_374_01_07_256_elec_Iz.npy,7.807121033,1
374_01_07_256_P_20_MPa_mfp.npy,374_01_07_256_374_01_07_256_elec_Iz.npy,7.807121033,1
31_03_256_P_1_MPa_mfp.npy,31_03_256_31_03_256_elec_Iz.npy,7.811520836,0
31_03_256_P_10_MPa_mfp.npy,31_03_256_31_03_256_elec_Iz.npy,7.811520836,0
31_03_256_P_2_MPa_mfp.npy,31_03_256_31_03_256_elec_Iz.npy,7.811520836,0
31_03_256_P_20_MPa_mfp.npy,31_03_256_31_03_256_elec_Iz.npy,7.811520836,0
31_03_256_P_5_MPa_mfp.npy,31_03_256_31_03_256_elec_Iz.npy,7.811520836,0
344_02_256_P_10_MPa_mfp.npy,344_02_256_344_02_256_elec_Iz.npy,7.836874687,0
344_02_256_P_20_MPa_mfp.npy,344_02_256_344_02_256_elec_Iz.npy,7.836874687,0
135_04_256_P_1_MPa_mfp.npy,135_04_256_135_04_256_elec_Iz.npy,7.864941519,1
135_04_256_P_2_MPa_mfp.npy,135_04_256_135_04_256_elec_Iz.npy,7.864941519,1
135_04_256_P_20_MPa_mfp.npy,135_04_256_135_04_256_elec_Iz.npy,7.864941519,1
135_04_256_P_5_MPa_mfp.npy,135_04_256_135_04_256_elec_Iz.npy,7.864941519,1
31_02_256_P_1_MPa_mfp.npy,31_02_256_31_02_256_elec_Iz.npy,7.866306578,0
31_02_256_P_2_MPa_mfp.npy,31_02_256_31_02_256_elec_Iz.npy,7.866306578,0
31_02_256_P_20_MPa_mfp.npy,31_02_256_31_02_256_elec_Iz.npy,7.866306578,0
31_02_256_P_5_MPa_mfp.npy,31_02_256_31_02_256_elec_Iz.npy,7.866306578,0
31_04_256_P_1_MPa_mfp.npy,31_04_256_31_04_256_elec_Iz.npy,7.888384457,0
31_04_256_P_2_MPa_mfp.npy,31_04_256_31_04_256_elec_Iz.npy,7.888384457,0
31_04_256_P_20_MPa_mfp.npy,31_04_256_31_04_256_elec_Iz.npy,7.888384457,0
31_04_256_P_5_MPa_mfp.npy,31_04_256_31_04_256_elec_Iz.npy,7.888384457,0
57_01_256_P_1_MPa_mfp.npy,57_01_256_57_01_256_elec_Iz.npy,7.903154931,0
57_01_256_P_2_MPa_mfp.npy,57_01_256_57_01_256_elec_Iz.npy,7.903154931,0
57_01_256_P_20_MPa_mfp.npy,57_01_256_57_01_256_elec_Iz.npy,7.923641486,0
374_02_012_256_P_1_MPa_mfp.npy,374_02_012_256_374_02_012_256_elec_Iz.npy,7.927286063,1
374_02_012_256_P_10_MPa_mfp.npy,374_02_012_256_374_02_012_256_elec_Iz.npy,7.927286063,1
374_02_012_256_P_2_MPa_mfp.npy,374_02_012_256_374_02_012_256_elec_Iz.npy,7.927286063,1
374_02_012_256_P_5_MPa_mfp.npy,374_02_012_256_374_02_012_256_elec_Iz.npy,7.927286063,1
374_02_013_256_P_1_MPa_mfp.npy,374_02_013_256_374_02_013_256_elec_Iz.npy,7.927339314,1
374_02_013_256_P_10_MPa_mfp.npy,374_02_013_256_374_02_013_256_elec_Iz.npy,7.927339314,1
374_02_013_256_P_2_MPa_mfp.npy,374_02_013_256_374_02_013_256_elec_Iz.npy,7.927339314,1
374_02_013_256_P_20_MPa_mfp.npy,374_02_013_256_374_02_013_256_elec_Iz.npy,7.927339314,1
374_02_013_256_P_5_MPa_mfp.npy,374_02_013_256_374_02_013_256_elec_Iz.npy,7.927339314,1
374_02_014_256_P_1_MPa_mfp.npy,374_02_014_256_374_02_014_256_elec_Iz.npy,7.927510947,1
374_02_014_256_P_10_MPa_mfp.npy,374_02_014_256_374_02_014_256_elec_Iz.npy,7.927510947,1
374_02_014_256_P_2_MPa_mfp.npy,374_02_014_256_374_02_014_256_elec_Iz.npy,7.927510947,1
374_02_014_256_P_20_MPa_mfp.npy,374_02_014_256_374_02_014_256_elec_Iz.npy,7.927510947,1
374_02_014_256_P_5_MPa_mfp.npy,374_02_014_256_374_02_014_256_elec_Iz.npy,7.927510947,1
374_02_011_256_P_1_MPa_mfp.npy,374_02_011_256_374_02_011_256_elec_Iz.npy,7.927734797,1
374_02_011_256_P_10_MPa_mfp.npy,374_02_011_256_374_02_011_256_elec_Iz.npy,7.927734797,1
374_02_011_256_P_2_MPa_mfp.npy,374_02_011_256_374_02_011_256_elec_Iz.npy,7.927734797,1
374_02_011_256_P_20_MPa_mfp.npy,374_02_011_256_374_02_011_256_elec_Iz.npy,7.927734797,1
374_02_011_256_P_5_MPa_mfp.npy,374_02_011_256_374_02_011_256_elec_Iz.npy,7.927734797,1
374_02_010_256_P_1_MPa_mfp.npy,374_02_010_256_374_02_010_256_elec_Iz.npy,7.928726349,1
374_02_010_256_P_10_MPa_mfp.npy,374_02_010_256_374_02_010_256_elec_Iz.npy,7.928726349,1
374_02_010_256_P_2_MPa_mfp.npy,374_02_010_256_374_02_010_256_elec_Iz.npy,7.928726349,1
374_02_010_256_P_20_MPa_mfp.npy,374_02_010_256_374_02_010_256_elec_Iz.npy,7.928726349,1
374_02_010_256_P_5_MPa_mfp.npy,374_02_010_256_374_02_010_256_elec_Iz.npy,7.928726349,1
10_01_256_P_1_MPa_mfp.npy,10_01_256_10_01_256_elec_Iz.npy,7.931846213,0
10_01_256_P_10_MPa_mfp.npy,10_01_256_10_01_256_elec_Iz.npy,7.931846213,0
10_01_256_P_2_MPa_mfp.npy,10_01_256_10_01_256_elec_Iz.npy,7.931846213,0
10_01_256_P_20_MPa_mfp.npy,10_01_256_10_01_256_elec_Iz.npy,7.931846213,0
10_01_256_P_5_MPa_mfp.npy,10_01_256_10_01_256_elec_Iz.npy,7.931846213,0
317_011_256_P_1_MPa_mfp.npy,317_011_256_317_011_256_elec_Iz.npy,7.935816759,0
317_011_256_P_10_MPa_mfp.npy,317_011_256_317_011_256_elec_Iz.npy,7.935816759,0
317_011_256_P_2_MPa_mfp.npy,317_011_256_317_011_256_elec_Iz.npy,7.935816759,0
317_011_256_P_20_MPa_mfp.npy,317_011_256_317_011_256_elec_Iz.npy,7.935816759,0
317_011_256_P_5_MPa_mfp.npy,317_011_256_317_011_256_elec_Iz.npy,7.935816759,0
65_03_256_P_1_MPa_mfp.npy,65_03_256_65_03_256_elec_Iz.npy,7.95192835,0
65_03_256_P_10_MPa_mfp.npy,65_03_256_65_03_256_elec_Iz.npy,7.95192835,0
65_03_256_P_2_MPa_mfp.npy,65_03_256_65_03_256_elec_Iz.npy,7.95192835,0
65_03_256_P_20_MPa_mfp.npy,65_03_256_65_03_256_elec_Iz.npy,7.95192835,0
65_03_256_P_5_MPa_mfp.npy,65_03_256_65_03_256_elec_Iz.npy,7.95192835,0
374_03_03_256_P_1_MPa_mfp.npy,374_03_03_256_374_03_03_256_elec_Iz.npy,7.986584101,1
374_03_03_256_P_10_MPa_mfp.npy,374_03_03_256_374_03_03_256_elec_Iz.npy,7.986584101,1
374_03_03_256_P_2_MPa_mfp.npy,374_03_03_256_374_03_03_256_elec_Iz.npy,7.986584101,1
374_03_03_256_P_20_MPa_mfp.npy,374_03_03_256_374_03_03_256_elec_Iz.npy,7.986584101,1
374_03_03_256_P_5_MPa_mfp.npy,374_03_03_256_374_03_03_256_elec_Iz.npy,7.986584101,1
374_03_02_256_P_1_MPa_mfp.npy,374_03_02_256_374_03_02_256_elec_Iz.npy,7.987921481,1
374_03_02_256_P_10_MPa_mfp.npy,374_03_02_256_374_03_02_256_elec_Iz.npy,7.987921481,1
374_03_02_256_P_2_MPa_mfp.npy,374_03_02_256_374_03_02_256_elec_Iz.npy,7.987921481,1
374_03_02_256_P_20_MPa_mfp.npy,374_03_02_256_374_03_02_256_elec_Iz.npy,7.987921481,1
374_03_02_256_P_5_MPa_mfp.npy,374_03_02_256_374_03_02_256_elec_Iz.npy,7.987921481,1
374_06_00_256_P_1_MPa_mfp.npy,374_06_00_256_374_06_00_256_elec_Iz.npy,7.988205648,1
374_06_00_256_P_10_MPa_mfp.npy,374_06_00_256_374_06_00_256_elec_Iz.npy,7.988205648,1
374_06_00_256_P_2_MPa_mfp.npy,374_06_00_256_374_06_00_256_elec_Iz.npy,7.988205648,1
374_06_00_256_P_20_MPa_mfp.npy,374_06_00_256_374_06_00_256_elec_Iz.npy,7.988205648,1
374_06_00_256_P_5_MPa_mfp.npy,374_06_00_256_374_06_00_256_elec_Iz.npy,7.988205648,1
374_06_01_256_P_1_MPa_mfp.npy,374_06_01_256_374_06_01_256_elec_Iz.npy,7.988205648,1
374_06_01_256_P_10_MPa_mfp.npy,374_06_01_256_374_06_01_256_elec_Iz.npy,7.988205648,1
374_06_01_256_P_2_MPa_mfp.npy,374_06_01_256_374_06_01_256_elec_Iz.npy,7.988205648,1
374_06_01_256_P_20_MPa_mfp.npy,374_06_01_256_374_06_01_256_elec_Iz.npy,7.988205648,1
374_06_01_256_P_5_MPa_mfp.npy,374_06_01_256_374_06_01_256_elec_Iz.npy,7.988205648,1
374_07_00_256_P_1_MPa_mfp.npy,374_07_00_256_374_07_00_256_elec_Iz.npy,7.988919236,1
374_07_00_256_P_10_MPa_mfp.npy,374_07_00_256_374_07_00_256_elec_Iz.npy,7.988919236,1
374_07_00_256_P_2_MPa_mfp.npy,374_07_00_256_374_07_00_256_elec_Iz.npy,7.988919236,1
374_07_00_256_P_20_MPa_mfp.npy,374_07_00_256_374_07_00_256_elec_Iz.npy,7.988919236,1
374_07_00_256_P_5_MPa_mfp.npy,374_07_00_256_374_07_00_256_elec_Iz.npy,7.988919236,1
31_01_256_P_1_MPa_mfp.npy,31_01_256_31_01_256_elec_Iz.npy,7.990855544,0
31_01_256_P_10_MPa_mfp.npy,31_01_256_31_01_256_elec_Iz.npy,7.990855544,0
31_01_256_P_2_MPa_mfp.npy,31_01_256_31_01_256_elec_Iz.npy,7.990855544,0
31_01_256_P_20_MPa_mfp.npy,31_01_256_31_01_256_elec_Iz.npy,7.990855544,0
31_01_256_P_5_MPa_mfp.npy,31_01_256_31_01_256_elec_Iz.npy,7.990855544,0
374_03_01_256_P_1_MPa_mfp.npy,374_03_01_256_374_03_01_256_elec_Iz.npy,7.99089943,1
374_03_01_256_P_10_MPa_mfp.npy,374_03_01_256_374_03_01_256_elec_Iz.npy,7.99089943,1
374_03_01_256_P_2_MPa_mfp.npy,374_03_01_256_374_03_01_256_elec_Iz.npy,7.99089943,1
374_03_01_256_P_20_MPa_mfp.npy,374_03_01_256_374_03_01_256_elec_Iz.npy,7.99089943,1
374_03_01_256_P_5_MPa_mfp.npy,374_03_01_256_374_03_01_256_elec_Iz.npy,7.99089943,1
374_08_00_256_P_1_MPa_mfp.npy,374_08_00_256_374_08_00_256_elec_Iz.npy,7.991472145,1
374_08_00_256_P_10_MPa_mfp.npy,374_08_00_256_374_08_00_256_elec_Iz.npy,7.991472145,1
374_08_00_256_P_2_MPa_mfp.npy,374_08_00_256_374_08_00_256_elec_Iz.npy,7.991472145,1
374_08_00_256_P_20_MPa_mfp.npy,374_08_00_256_374_08_00_256_elec_Iz.npy,7.991472145,1
374_08_00_256_P_5_MPa_mfp.npy,374_08_00_256_374_08_00_256_elec_Iz.npy,7.991472145,1
374_05_00_256_P_1_MPa_mfp.npy,374_05_00_256_374_05_00_256_elec_Iz.npy,7.99657956,1
374_05_00_256_P_10_MPa_mfp.npy,374_05_00_256_374_05_00_256_elec_Iz.npy,7.99657956,1
374_05_00_256_P_2_MPa_mfp.npy,374_05_00_256_374_05_00_256_elec_Iz.npy,7.99657956,1
374_05_00_256_P_20_MPa_mfp.npy,374_05_00_256_374_05_00_256_elec_Iz.npy,7.99657956,1
374_05_00_256_P_5_MPa_mfp.npy,374_05_00_256_374_05_00_256_elec_Iz.npy,7.99657956,1
374_01_06_256_P_1_MPa_mfp.npy,374_01_06_256_374_01_06_256_elec_Iz.npy,8.006056157,1
374_01_06_256_P_10_MPa_mfp.npy,374_01_06_256_374_01_06_256_elec_Iz.npy,8.006056157,1
374_01_06_256_P_2_MPa_mfp.npy,374_01_06_256_374_01_06_256_elec_Iz.npy,8.006056157,1
374_01_06_256_P_20_MPa_mfp.npy,374_01_06_256_374_01_06_256_elec_Iz.npy,8.006056157,1
374_01_06_256_P_5_MPa_mfp.npy,374_01_06_256_374_01_06_256_elec_Iz.npy,8.006056157,1
57_02_256_P_1_MPa_mfp.npy,57_02_256_57_02_256_elec_Iz.npy,8.009947696,0
57_02_256_P_2_MPa_mfp.npy,57_02_256_57_02_256_elec_Iz.npy,8.009947696,0
57_02_256_P_10_MPa_mfp.npy,57_02_256_57_02_256_elec_Iz.npy,8.011188646,0
57_02_256_P_20_MPa_mfp.npy,57_02_256_57_02_256_elec_Iz.npy,8.011188646,0
57_02_256_P_5_MPa_mfp.npy,57_02_256_57_02_256_elec_Iz.npy,8.011188646,0
207_03_256_P_1_MPa_mfp.npy,207_03_256_207_03_256_elec_Iz.npy,8.021921209,0
207_03_256_P_2_MPa_mfp.npy,207_03_256_207_03_256_elec_Iz.npy,8.021921209,0
207_03_256_P_20_MPa_mfp.npy,207_03_256_207_03_256_elec_Iz.npy,8.021921209,0
207_03_256_P_5_MPa_mfp.npy,207_03_256_207_03_256_elec_Iz.npy,8.021921209,0
374_04_00_256_P_1_MPa_mfp.npy,374_04_00_256_374_04_00_256_elec_Iz.npy,8.04774182,1
374_04_00_256_P_10_MPa_mfp.npy,374_04_00_256_374_04_00_256_elec_Iz.npy,8.04774182,1
374_04_00_256_P_2_MPa_mfp.npy,374_04_00_256_374_04_00_256_elec_Iz.npy,8.04774182,1
374_04_00_256_P_20_MPa_mfp.npy,374_04_00_256_374_04_00_256_elec_Iz.npy,8.04774182,1
374_04_00_256_P_5_MPa_mfp.npy,374_04_00_256_374_04_00_256_elec_Iz.npy,8.04774182,1
135_02_256_P_1_MPa_mfp.npy,135_02_256_135_02_256_elec_Iz.npy,8.055154792,0
135_02_256_P_10_MPa_mfp.npy,135_02_256_135_02_256_elec_Iz.npy,8.055154792,0
135_02_256_P_20_MPa_mfp.npy,135_02_256_135_02_256_elec_Iz.npy,8.055154792,0
135_02_256_P_5_MPa_mfp.npy,135_02_256_135_02_256_elec_Iz.npy,8.055154792,0
374_04_01_256_P_1_MPa_mfp.npy,374_04_01_256_374_04_01_256_elec_Iz.npy,8.077440617,1
374_04_01_256_P_10_MPa_mfp.npy,374_04_01_256_374_04_01_256_elec_Iz.npy,8.077440617,1
374_04_01_256_P_2_MPa_mfp.npy,374_04_01_256_374_04_01_256_elec_Iz.npy,8.077440617,1
374_04_01_256_P_20_MPa_mfp.npy,374_04_01_256_374_04_01_256_elec_Iz.npy,8.077440617,1
374_04_01_256_P_5_MPa_mfp.npy,374_04_01_256_374_04_01_256_elec_Iz.npy,8.077440617,1
135_03_256_P_1_MPa_mfp.npy,135_03_256_135_03_256_elec_Iz.npy,8.089260101,0
135_03_256_P_10_MPa_mfp.npy,135_03_256_135_03_256_elec_Iz.npy,8.089260101,0
135_03_256_P_20_MPa_mfp.npy,135_03_256_135_03_256_elec_Iz.npy,8.089260101,0
135_03_256_P_5_MPa_mfp.npy,135_03_256_135_03_256_elec_Iz.npy,8.089260101,0
57_04_256_P_1_MPa_mfp.npy,57_04_256_57_04_256_elec_Iz.npy,8.095004983,0
57_04_256_P_10_MPa_mfp.npy,57_04_256_57_04_256_elec_Iz.npy,8.095004983,0
57_04_256_P_2_MPa_mfp.npy,57_04_256_57_04_256_elec_Iz.npy,8.095004983,0
57_04_256_P_20_MPa_mfp.npy,57_04_256_57_04_256_elec_Iz.npy,8.095004983,0
57_04_256_P_5_MPa_mfp.npy,57_04_256_57_04_256_elec_Iz.npy,8.095004983,0
172_02_256_P_10_MPa_mfp.npy,172_02_256_172_02_256_elec_Iz.npy,8.124401374,0
172_02_256_P_2_MPa_mfp.npy,172_02_256_172_02_256_elec_Iz.npy,8.124401374,0
172_02_256_P_20_MPa_mfp.npy,172_02_256_172_02_256_elec_Iz.npy,8.124401374,0
172_02_256_P_5_MPa_mfp.npy,172_02_256_172_02_256_elec_Iz.npy,8.124401374,0
374_01_05_256_P_1_MPa_mfp.npy,374_01_05_256_374_01_05_256_elec_Iz.npy,8.144371595,1
374_01_05_256_P_10_MPa_mfp.npy,374_01_05_256_374_01_05_256_elec_Iz.npy,8.144371595,1
374_01_05_256_P_2_MPa_mfp.npy,374_01_05_256_374_01_05_256_elec_Iz.npy,8.144371595,1
374_01_05_256_P_20_MPa_mfp.npy,374_01_05_256_374_01_05_256_elec_Iz.npy,8.144371595,1
374_01_05_256_P_5_MPa_mfp.npy,374_01_05_256_374_01_05_256_elec_Iz.npy,8.144371595,1
374_03_04_256_P_1_MPa_mfp.npy,374_03_04_256_374_03_04_256_elec_Iz.npy,8.166502351,1
374_03_04_256_P_10_MPa_mfp.npy,374_03_04_256_374_03_04_256_elec_Iz.npy,8.166502351,1
374_03_04_256_P_2_MPa_mfp.npy,374_03_04_256_374_03_04_256_elec_Iz.npy,8.166502351,1
374_03_04_256_P_20_MPa_mfp.npy,374_03_04_256_374_03_04_256_elec_Iz.npy,8.166502351,1
374_03_04_256_P_5_MPa_mfp.npy,374_03_04_256_374_03_04_256_elec_Iz.npy,8.166502351,1
374_03_06_256_P_1_MPa_mfp.npy,374_03_06_256_374_03_06_256_elec_Iz.npy,8.166894546,1
374_03_06_256_P_10_MPa_mfp.npy,374_03_06_256_374_03_06_256_elec_Iz.npy,8.166894546,1
374_03_06_256_P_2_MPa_mfp.npy,374_03_06_256_374_03_06_256_elec_Iz.npy,8.166894546,1
374_03_06_256_P_20_MPa_mfp.npy,374_03_06_256_374_03_06_256_elec_Iz.npy,8.166894546,1
374_03_06_256_P_5_MPa_mfp.npy,374_03_06_256_374_03_06_256_elec_Iz.npy,8.166894546,1
374_07_01_256_P_1_MPa_mfp.npy,374_07_01_256_374_07_01_256_elec_Iz.npy,8.167228088,1
374_07_01_256_P_10_MPa_mfp.npy,374_07_01_256_374_07_01_256_elec_Iz.npy,8.167228088,1
374_07_01_256_P_2_MPa_mfp.npy,374_07_01_256_374_07_01_256_elec_Iz.npy,8.167228088,1
374_07_01_256_P_20_MPa_mfp.npy,374_07_01_256_374_07_01_256_elec_Iz.npy,8.167228088,1
374_07_01_256_P_5_MPa_mfp.npy,374_07_01_256_374_07_01_256_elec_Iz.npy,8.167228088,1
374_03_05_256_P_1_MPa_mfp.npy,374_03_05_256_374_03_05_256_elec_Iz.npy,8.167759505,1
374_03_05_256_P_10_MPa_mfp.npy,374_03_05_256_374_03_05_256_elec_Iz.npy,8.167759505,1
374_03_05_256_P_2_MPa_mfp.npy,374_03_05_256_374_03_05_256_elec_Iz.npy,8.167759505,1
374_03_05_256_P_20_MPa_mfp.npy,374_03_05_256_374_03_05_256_elec_Iz.npy,8.167759505,1
374_03_05_256_P_5_MPa_mfp.npy,374_03_05_256_374_03_05_256_elec_Iz.npy,8.167759505,1
57_03_256_P_1_MPa_mfp.npy,57_03_256_57_03_256_elec_Iz.npy,8.185869919,0
57_03_256_P_2_MPa_mfp.npy,57_03_256_57_03_256_elec_Iz.npy,8.185869919,0
57_03_256_P_20_MPa_mfp.npy,57_03_256_57_03_256_elec_Iz.npy,8.185869919,0
57_03_256_P_10_MPa_mfp.npy,57_03_256_57_03_256_elec_Iz.npy,8.186417779,0
57_03_256_P_5_MPa_mfp.npy,57_03_256_57_03_256_elec_Iz.npy,8.186417779,0
374_09_01_256_P_1_MPa_mfp.npy,374_09_01_256_374_09_01_256_elec_Iz.npy,8.207456847,1
374_09_01_256_P_10_MPa_mfp.npy,374_09_01_256_374_09_01_256_elec_Iz.npy,8.207456847,1
374_09_01_256_P_2_MPa_mfp.npy,374_09_01_256_374_09_01_256_elec_Iz.npy,8.207456847,1
374_09_01_256_P_20_MPa_mfp.npy,374_09_01_256_374_09_01_256_elec_Iz.npy,8.207456847,1
374_09_01_256_P_5_MPa_mfp.npy,374_09_01_256_374_09_01_256_elec_Iz.npy,8.207456847,1
204_02_256_P_1_MPa_mfp.npy,204_02_256_204_02_256_elec_Iz.npy,8.212613606,0
204_02_256_P_10_MPa_mfp.npy,204_02_256_204_02_256_elec_Iz.npy,8.212613606,0
204_02_256_P_2_MPa_mfp.npy,204_02_256_204_02_256_elec_Iz.npy,8.212613606,0
204_02_256_P_20_MPa_mfp.npy,204_02_256_204_02_256_elec_Iz.npy,8.212613606,0
204_02_256_P_5_MPa_mfp.npy,204_02_256_204_02_256_elec_Iz.npy,8.212613606,0
374_02_02_256_P_1_MPa_mfp.npy,374_02_02_256_374_02_02_256_elec_Iz.npy,8.226858858,1
374_02_02_256_P_10_MPa_mfp.npy,374_02_02_256_374_02_02_256_elec_Iz.npy,8.226858858,1
374_02_02_256_P_2_MPa_mfp.npy,374_02_02_256_374_02_02_256_elec_Iz.npy,8.226858858,1
374_02_02_256_P_20_MPa_mfp.npy,374_02_02_256_374_02_02_256_elec_Iz.npy,8.226858858,1
374_02_02_256_P_5_MPa_mfp.npy,374_02_02_256_374_02_02_256_elec_Iz.npy,8.226858858,1
374_02_01_256_P_1_MPa_mfp.npy,374_02_01_256_374_02_01_256_elec_Iz.npy,8.226880966,1
374_02_01_256_P_10_MPa_mfp.npy,374_02_01_256_374_02_01_256_elec_Iz.npy,8.226880966,1
374_02_01_256_P_2_MPa_mfp.npy,374_02_01_256_374_02_01_256_elec_Iz.npy,8.226880966,1
374_02_01_256_P_20_MPa_mfp.npy,374_02_01_256_374_02_01_256_elec_Iz.npy,8.226880966,1
374_02_01_256_P_5_MPa_mfp.npy,374_02_01_256_374_02_01_256_elec_Iz.npy,8.226880966,1
374_02_03_256_P_1_MPa_mfp.npy,374_02_03_256_374_02_03_256_elec_Iz.npy,8.22692349,1
374_02_03_256_P_10_MPa_mfp.npy,374_02_03_256_374_02_03_256_elec_Iz.npy,8.22692349,1
374_02_03_256_P_2_MPa_mfp.npy,374_02_03_256_374_02_03_256_elec_Iz.npy,8.22692349,1
374_02_03_256_P_20_MPa_mfp.npy,374_02_03_256_374_02_03_256_elec_Iz.npy,8.22692349,1
374_02_03_256_P_5_MPa_mfp.npy,374_02_03_256_374_02_03_256_elec_Iz.npy,8.22692349,1
374_02_00_256_P_1_MPa_mfp.npy,374_02_00_256_374_02_00_256_elec_Iz.npy,8.226964323,1
374_02_00_256_P_10_MPa_mfp.npy,374_02_00_256_374_02_00_256_elec_Iz.npy,8.226964323,1
374_02_00_256_P_2_MPa_mfp.npy,374_02_00_256_374_02_00_256_elec_Iz.npy,8.226964323,1
374_02_00_256_P_20_MPa_mfp.npy,374_02_00_256_374_02_00_256_elec_Iz.npy,8.226964323,1
374_02_00_256_P_5_MPa_mfp.npy,374_02_00_256_374_02_00_256_elec_Iz.npy,8.226964323,1
374_02_04_256_P_1_MPa_mfp.npy,374_02_04_256_374_02_04_256_elec_Iz.npy,8.226965244,1
374_02_04_256_P_10_MPa_mfp.npy,374_02_04_256_374_02_04_256_elec_Iz.npy,8.226965244,1
374_02_04_256_P_2_MPa_mfp.npy,374_02_04_256_374_02_04_256_elec_Iz.npy,8.226965244,1
374_02_04_256_P_20_MPa_mfp.npy,374_02_04_256_374_02_04_256_elec_Iz.npy,8.226965244,1
374_02_04_256_P_5_MPa_mfp.npy,374_02_04_256_374_02_04_256_elec_Iz.npy,8.226965244,1
374_09_02_256_P_1_MPa_mfp.npy,374_09_02_256_374_09_02_256_elec_Iz.npy,8.251805099,1
374_09_02_256_P_10_MPa_mfp.npy,374_09_02_256_374_09_02_256_elec_Iz.npy,8.251805099,1
374_09_02_256_P_2_MPa_mfp.npy,374_09_02_256_374_09_02_256_elec_Iz.npy,8.251805099,1
374_09_02_256_P_20_MPa_mfp.npy,374_09_02_256_374_09_02_256_elec_Iz.npy,8.251805099,1
374_09_02_256_P_5_MPa_mfp.npy,374_09_02_256_374_09_02_256_elec_Iz.npy,8.251805099,1
57_05_256_P_1_MPa_mfp.npy,57_05_256_57_05_256_elec_Iz.npy,8.254246946,0
57_05_256_P_10_MPa_mfp.npy,57_05_256_57_05_256_elec_Iz.npy,8.254246946,0
57_05_256_P_2_MPa_mfp.npy,57_05_256_57_05_256_elec_Iz.npy,8.254246946,0
57_05_256_P_20_MPa_mfp.npy,57_05_256_57_05_256_elec_Iz.npy,8.254246946,0
57_05_256_P_5_MPa_mfp.npy,57_05_256_57_05_256_elec_Iz.npy,8.254246946,0
317_05_256_P_1_MPa_mfp.npy,317_05_256_317_05_256_elec_Iz.npy,8.259581368,0
317_05_256_P_10_MPa_mfp.npy,317_05_256_317_05_256_elec_Iz.npy,8.259581368,0
317_05_256_P_2_MPa_mfp.npy,317_05_256_317_05_256_elec_Iz.npy,8.259581368,0
317_05_256_P_20_MPa_mfp.npy,317_05_256_317_05_256_elec_Iz.npy,8.259581368,0
317_05_256_P_5_MPa_mfp.npy,317_05_256_317_05_256_elec_Iz.npy,8.259581368,0
297_01_256_P_2_MPa_mfp.npy,297_01_256_297_01_256_elec_Iz.npy,8.262040749,0
65_01_256_P_1_MPa_mfp.npy,65_01_256_65_01_256_elec_Iz.npy,8.263294532,1
65_01_256_P_10_MPa_mfp.npy,65_01_256_65_01_256_elec_Iz.npy,8.263294532,1
65_01_256_P_2_MPa_mfp.npy,65_01_256_65_01_256_elec_Iz.npy,8.263294532,1
65_01_256_P_20_MPa_mfp.npy,65_01_256_65_01_256_elec_Iz.npy,8.263294532,1
65_01_256_P_5_MPa_mfp.npy,65_01_256_65_01_256_elec_Iz.npy,8.263294532,0
65_04_256_P_1_MPa_mfp.npy,65_04_256_65_04_256_elec_Iz.npy,8.264333633,0
65_04_256_P_10_MPa_mfp.npy,65_04_256_65_04_256_elec_Iz.npy,8.264333633,0
65_04_256_P_2_MPa_mfp.npy,65_04_256_65_04_256_elec_Iz.npy,8.264333633,0
65_04_256_P_20_MPa_mfp.npy,65_04_256_65_04_256_elec_Iz.npy,8.264333633,0
65_04_256_P_5_MPa_mfp.npy,65_04_256_65_04_256_elec_Iz.npy,8.264333633,0
297_01_256_P_1_MPa_mfp.npy,297_01_256_297_01_256_elec_Iz.npy,8.264616351,0
297_01_256_P_10_MPa_mfp.npy,297_01_256_297_01_256_elec_Iz.npy,8.264616351,0
297_01_256_P_20_MPa_mfp.npy,297_01_256_297_01_256_elec_Iz.npy,8.264616351,0
297_01_256_P_5_MPa_mfp.npy,297_01_256_297_01_256_elec_Iz.npy,8.264616351,0
374_01_04_256_P_1_MPa_mfp.npy,374_01_04_256_374_01_04_256_elec_Iz.npy,8.265511444,1
374_01_04_256_P_10_MPa_mfp.npy,374_01_04_256_374_01_04_256_elec_Iz.npy,8.265511444,1
374_01_04_256_P_2_MPa_mfp.npy,374_01_04_256_374_01_04_256_elec_Iz.npy,8.265511444,1
374_01_04_256_P_20_MPa_mfp.npy,374_01_04_256_374_01_04_256_elec_Iz.npy,8.265511444,1
374_01_04_256_P_5_MPa_mfp.npy,374_01_04_256_374_01_04_256_elec_Iz.npy,8.265511444,1
204_03_256_P_1_MPa_mfp.npy,204_03_256_204_03_256_elec_Iz.npy,8.271157875,0
204_03_256_P_10_MPa_mfp.npy,204_03_256_204_03_256_elec_Iz.npy,8.271157875,0
204_03_256_P_2_MPa_mfp.npy,204_03_256_204_03_256_elec_Iz.npy,8.271157875,0
204_03_256_P_5_MPa_mfp.npy,204_03_256_204_03_256_elec_Iz.npy,8.271157875,0
374_09_04_256_P_1_MPa_mfp.npy,374_09_04_256_374_09_04_256_elec_Iz.npy,8.272458088,1
374_09_04_256_P_10_MPa_mfp.npy,374_09_04_256_374_09_04_256_elec_Iz.npy,8.272458088,1
374_09_04_256_P_2_MPa_mfp.npy,374_09_04_256_374_09_04_256_elec_Iz.npy,8.272458088,1
374_09_04_256_P_20_MPa_mfp.npy,374_09_04_256_374_09_04_256_elec_Iz.npy,8.272458088,1
374_09_04_256_P_5_MPa_mfp.npy,374_09_04_256_374_09_04_256_elec_Iz.npy,8.272458088,1
204_012_256_P_1_MPa_mfp.npy,204_012_256_204_012_256_elec_Iz.npy,8.274442281,0
204_012_256_P_10_MPa_mfp.npy,204_012_256_204_012_256_elec_Iz.npy,8.274442281,0
204_012_256_P_2_MPa_mfp.npy,204_012_256_204_012_256_elec_Iz.npy,8.274442281,0
204_012_256_P_5_MPa_mfp.npy,204_012_256_204_012_256_elec_Iz.npy,8.274442281,0
207_04_256_P_1_MPa_mfp.npy,207_04_256_207_04_256_elec_Iz.npy,8.275449042,0
207_04_256_P_10_MPa_mfp.npy,207_04_256_207_04_256_elec_Iz.npy,8.275449042,0
207_04_256_P_2_MPa_mfp.npy,207_04_256_207_04_256_elec_Iz.npy,8.275449042,0
207_04_256_P_20_MPa_mfp.npy,207_04_256_207_04_256_elec_Iz.npy,8.275449042,0
207_04_256_P_5_MPa_mfp.npy,207_04_256_207_04_256_elec_Iz.npy,8.275449042,0
317_06_256_P_1_MPa_mfp.npy,317_06_256_317_06_256_elec_Iz.npy,8.276249621,0
317_06_256_P_10_MPa_mfp.npy,317_06_256_317_06_256_elec_Iz.npy,8.276249621,0
317_06_256_P_2_MPa_mfp.npy,317_06_256_317_06_256_elec_Iz.npy,8.276249621,0
317_06_256_P_20_MPa_mfp.npy,317_06_256_317_06_256_elec_Iz.npy,8.276249621,0
317_010_256_P_1_MPa_mfp.npy,317_010_256_317_010_256_elec_Iz.npy,8.27687307,1
317_010_256_P_10_MPa_mfp.npy,317_010_256_317_010_256_elec_Iz.npy,8.27687307,1
317_010_256_P_2_MPa_mfp.npy,317_010_256_317_010_256_elec_Iz.npy,8.27687307,1
317_010_256_P_20_MPa_mfp.npy,317_010_256_317_010_256_elec_Iz.npy,8.27687307,1
317_010_256_P_5_MPa_mfp.npy,317_010_256_317_010_256_elec_Iz.npy,8.27687307,1
172_01_256_P_1_MPa_mfp.npy,172_01_256_172_01_256_elec_Iz.npy,8.280048821,0
172_01_256_P_10_MPa_mfp.npy,172_01_256_172_01_256_elec_Iz.npy,8.280048821,0
172_01_256_P_2_MPa_mfp.npy,172_01_256_172_01_256_elec_Iz.npy,8.280048821,0
172_01_256_P_20_MPa_mfp.npy,172_01_256_172_01_256_elec_Iz.npy,8.280048821,0
172_01_256_P_5_MPa_mfp.npy,172_01_256_172_01_256_elec_Iz.npy,8.280048821,0
374_09_03_256_P_1_MPa_mfp.npy,374_09_03_256_374_09_03_256_elec_Iz.npy,8.283887113,1
374_09_03_256_P_10_MPa_mfp.npy,374_09_03_256_374_09_03_256_elec_Iz.npy,8.283887113,1
374_09_03_256_P_2_MPa_mfp.npy,374_09_03_256_374_09_03_256_elec_Iz.npy,8.283887113,1
374_09_03_256_P_20_MPa_mfp.npy,374_09_03_256_374_09_03_256_elec_Iz.npy,8.283887113,1
374_09_03_256_P_5_MPa_mfp.npy,374_09_03_256_374_09_03_256_elec_Iz.npy,8.283887113,1
374_03_07_256_P_1_MPa_mfp.npy,374_03_07_256_374_03_07_256_elec_Iz.npy,8.291685104,1
374_03_07_256_P_10_MPa_mfp.npy,374_03_07_256_374_03_07_256_elec_Iz.npy,8.291685104,1
374_03_07_256_P_2_MPa_mfp.npy,374_03_07_256_374_03_07_256_elec_Iz.npy,8.291685104,1
374_03_07_256_P_20_MPa_mfp.npy,374_03_07_256_374_03_07_256_elec_Iz.npy,8.291685104,1
374_03_07_256_P_5_MPa_mfp.npy,374_03_07_256_374_03_07_256_elec_Iz.npy,8.291685104,1
374_07_02_256_P_1_MPa_mfp.npy,374_07_02_256_374_07_02_256_elec_Iz.npy,8.29181204,1
374_07_02_256_P_10_MPa_mfp.npy,374_07_02_256_374_07_02_256_elec_Iz.npy,8.29181204,1
374_07_02_256_P_2_MPa_mfp.npy,374_07_02_256_374_07_02_256_elec_Iz.npy,8.29181204,1
374_07_02_256_P_20_MPa_mfp.npy,374_07_02_256_374_07_02_256_elec_Iz.npy,8.29181204,1
374_07_02_256_P_5_MPa_mfp.npy,374_07_02_256_374_07_02_256_elec_Iz.npy,8.29181204,1
374_03_08_256_P_1_MPa_mfp.npy,374_03_08_256_374_03_08_256_elec_Iz.npy,8.292354937,1
374_03_08_256_P_10_MPa_mfp.npy,374_03_08_256_374_03_08_256_elec_Iz.npy,8.292354937,1
374_03_08_256_P_2_MPa_mfp.npy,374_03_08_256_374_03_08_256_elec_Iz.npy,8.292354937,1
374_03_08_256_P_20_MPa_mfp.npy,374_03_08_256_374_03_08_256_elec_Iz.npy,8.292354937,1
374_03_08_256_P_5_MPa_mfp.npy,374_03_08_256_374_03_08_256_elec_Iz.npy,8.292354937,1
374_03_09_256_P_1_MPa_mfp.npy,374_03_09_256_374_03_09_256_elec_Iz.npy,8.292828311,1
374_03_09_256_P_10_MPa_mfp.npy,374_03_09_256_374_03_09_256_elec_Iz.npy,8.292828311,1
374_03_09_256_P_2_MPa_mfp.npy,374_03_09_256_374_03_09_256_elec_Iz.npy,8.292828311,1
374_03_09_256_P_20_MPa_mfp.npy,374_03_09_256_374_03_09_256_elec_Iz.npy,8.292828311,1
374_03_09_256_P_5_MPa_mfp.npy,374_03_09_256_374_03_09_256_elec_Iz.npy,8.292828311,1
317_01_256_P_1_MPa_mfp.npy,317_01_256_317_01_256_elec_Iz.npy,8.293427897,0
317_01_256_P_10_MPa_mfp.npy,317_01_256_317_01_256_elec_Iz.npy,8.293427897,0
317_01_256_P_2_MPa_mfp.npy,317_01_256_317_01_256_elec_Iz.npy,8.293427897,0
317_01_256_P_20_MPa_mfp.npy,317_01_256_317_01_256_elec_Iz.npy,8.293427897,0
317_01_256_P_5_MPa_mfp.npy,317_01_256_317_01_256_elec_Iz.npy,8.293427897,0
73_01_256_P_1_MPa_mfp.npy,73_01_256_73_01_256_elec_Iz.npy,8.297624034,0
73_01_256_P_10_MPa_mfp.npy,73_01_256_73_01_256_elec_Iz.npy,8.297624034,0
73_01_256_P_2_MPa_mfp.npy,73_01_256_73_01_256_elec_Iz.npy,8.297624034,0
73_01_256_P_20_MPa_mfp.npy,73_01_256_73_01_256_elec_Iz.npy,8.297624034,0
73_01_256_P_5_MPa_mfp.npy,73_01_256_73_01_256_elec_Iz.npy,8.297624034,0
317_09_256_P_10_MPa_mfp.npy,317_09_256_317_09_256_elec_Iz.npy,8.302157908,0
317_09_256_P_20_MPa_mfp.npy,317_09_256_317_09_256_elec_Iz.npy,8.302157908,0
57_06_256_P_1_MPa_mfp.npy,57_06_256_57_06_256_elec_Iz.npy,8.313195237,0
57_06_256_P_10_MPa_mfp.npy,57_06_256_57_06_256_elec_Iz.npy,8.313195237,0
57_06_256_P_2_MPa_mfp.npy,57_06_256_57_06_256_elec_Iz.npy,8.313195237,0
57_06_256_P_20_MPa_mfp.npy,57_06_256_57_06_256_elec_Iz.npy,8.313195237,0
57_06_256_P_5_MPa_mfp.npy,57_06_256_57_06_256_elec_Iz.npy,8.313195237,0
317_02_256_P_1_MPa_mfp.npy,317_02_256_317_02_256_elec_Iz.npy,8.319816685,1
317_02_256_P_10_MPa_mfp.npy,317_02_256_317_02_256_elec_Iz.npy,8.319816685,1
317_02_256_P_2_MPa_mfp.npy,317_02_256_317_02_256_elec_Iz.npy,8.319816685,1
317_02_256_P_20_MPa_mfp.npy,317_02_256_317_02_256_elec_Iz.npy,8.319816685,1
317_02_256_P_5_MPa_mfp.npy,317_02_256_317_02_256_elec_Iz.npy,8.319816685,1
317_07_256_P_1_MPa_mfp.npy,317_07_256_317_07_256_elec_Iz.npy,8.331780284,1
317_07_256_P_10_MPa_mfp.npy,317_07_256_317_07_256_elec_Iz.npy,8.331780284,1
317_07_256_P_2_MPa_mfp.npy,317_07_256_317_07_256_elec_Iz.npy,8.331780284,1
317_07_256_P_20_MPa_mfp.npy,317_07_256_317_07_256_elec_Iz.npy,8.331780284,1
317_07_256_P_5_MPa_mfp.npy,317_07_256_317_07_256_elec_Iz.npy,8.331780284,0
317_03_256_P_1_MPa_mfp.npy,317_03_256_317_03_256_elec_Iz.npy,8.346234844,0
317_03_256_P_10_MPa_mfp.npy,317_03_256_317_03_256_elec_Iz.npy,8.346234844,0
317_03_256_P_2_MPa_mfp.npy,317_03_256_317_03_256_elec_Iz.npy,8.346234844,0
317_03_256_P_20_MPa_mfp.npy,317_03_256_317_03_256_elec_Iz.npy,8.346234844,0
317_03_256_P_5_MPa_mfp.npy,317_03_256_317_03_256_elec_Iz.npy,8.346234844,0
58_01_256_P_1_MPa_mfp.npy,58_01_256_58_01_256_elec_Iz.npy,8.351486884,0
58_01_256_P_10_MPa_mfp.npy,58_01_256_58_01_256_elec_Iz.npy,8.351486884,0
58_01_256_P_2_MPa_mfp.npy,58_01_256_58_01_256_elec_Iz.npy,8.351486884,0
58_01_256_P_20_MPa_mfp.npy,58_01_256_58_01_256_elec_Iz.npy,8.351486884,0
58_01_256_P_5_MPa_mfp.npy,58_01_256_58_01_256_elec_Iz.npy,8.351486884,0
374_01_03_256_P_1_MPa_mfp.npy,374_01_03_256_374_01_03_256_elec_Iz.npy,8.37234247,1
374_01_03_256_P_10_MPa_mfp.npy,374_01_03_256_374_01_03_256_elec_Iz.npy,8.37234247,1
374_01_03_256_P_2_MPa_mfp.npy,374_01_03_256_374_01_03_256_elec_Iz.npy,8.37234247,1
374_01_03_256_P_20_MPa_mfp.npy,374_01_03_256_374_01_03_256_elec_Iz.npy,8.37234247,1
374_01_03_256_P_5_MPa_mfp.npy,374_01_03_256_374_01_03_256_elec_Iz.npy,8.37234247,1
374_03_010_256_P_1_MPa_mfp.npy,374_03_010_256_374_03_010_256_elec_Iz.npy,8.388392206,1
374_03_010_256_P_10_MPa_mfp.npy,374_03_010_256_374_03_010_256_elec_Iz.npy,8.388392206,1
374_03_010_256_P_2_MPa_mfp.npy,374_03_010_256_374_03_010_256_elec_Iz.npy,8.388392206,1
374_03_010_256_P_20_MPa_mfp.npy,374_03_010_256_374_03_010_256_elec_Iz.npy,8.388392206,1
374_03_010_256_P_5_MPa_mfp.npy,374_03_010_256_374_03_010_256_elec_Iz.npy,8.388392206,1
374_03_012_256_P_1_MPa_mfp.npy,374_03_012_256_374_03_012_256_elec_Iz.npy,8.388429673,1
374_03_012_256_P_10_MPa_mfp.npy,374_03_012_256_374_03_012_256_elec_Iz.npy,8.388429673,1
374_03_012_256_P_2_MPa_mfp.npy,374_03_012_256_374_03_012_256_elec_Iz.npy,8.388429673,1
374_03_012_256_P_20_MPa_mfp.npy,374_03_012_256_374_03_012_256_elec_Iz.npy,8.388429673,1
374_03_012_256_P_5_MPa_mfp.npy,374_03_012_256_374_03_012_256_elec_Iz.npy,8.388429673,1
374_03_011_256_P_1_MPa_mfp.npy,374_03_011_256_374_03_011_256_elec_Iz.npy,8.388711213,1
374_03_011_256_P_10_MPa_mfp.npy,374_03_011_256_374_03_011_256_elec_Iz.npy,8.388711213,1
374_03_011_256_P_2_MPa_mfp.npy,374_03_011_256_374_03_011_256_elec_Iz.npy,8.388711213,1
374_03_011_256_P_20_MPa_mfp.npy,374_03_011_256_374_03_011_256_elec_Iz.npy,8.388711213,1
374_03_011_256_P_5_MPa_mfp.npy,374_03_011_256_374_03_011_256_elec_Iz.npy,8.388711213,1
57_07_256_P_1_MPa_mfp.npy,57_07_256_57_07_256_elec_Iz.npy,8.392977589,0
57_07_256_P_2_MPa_mfp.npy,57_07_256_57_07_256_elec_Iz.npy,8.392977589,0
57_07_256_P_20_MPa_mfp.npy,57_07_256_57_07_256_elec_Iz.npy,8.392977589,0
57_07_256_P_5_MPa_mfp.npy,57_07_256_57_07_256_elec_Iz.npy,8.392977589,0
317_04_256_P_10_MPa_mfp.npy,317_04_256_317_04_256_elec_Iz.npy,8.411441104,0
317_04_256_P_2_MPa_mfp.npy,317_04_256_317_04_256_elec_Iz.npy,8.411441104,0
317_04_256_P_20_MPa_mfp.npy,317_04_256_317_04_256_elec_Iz.npy,8.411441104,0
317_04_256_P_5_MPa_mfp.npy,317_04_256_317_04_256_elec_Iz.npy,8.411441104,0
317_08_256_P_10_MPa_mfp.npy,317_08_256_317_08_256_elec_Iz.npy,8.41254192,0
317_08_256_P_2_MPa_mfp.npy,317_08_256_317_08_256_elec_Iz.npy,8.41254192,0
276_01_256_P_1_MPa_mfp.npy,276_01_256_276_01_256_elec_Iz.npy,8.429048833,0
276_01_256_P_2_MPa_mfp.npy,276_01_256_276_01_256_elec_Iz.npy,8.429048833,0
276_01_256_P_20_MPa_mfp.npy,276_01_256_276_01_256_elec_Iz.npy,8.429048833,0
276_01_256_P_5_MPa_mfp.npy,276_01_256_276_01_256_elec_Iz.npy,8.429048833,0
65_02_256_P_1_MPa_mfp.npy,65_02_256_65_02_256_elec_Iz.npy,8.440569092,1
65_02_256_P_10_MPa_mfp.npy,65_02_256_65_02_256_elec_Iz.npy,8.440569092,1
65_02_256_P_2_MPa_mfp.npy,65_02_256_65_02_256_elec_Iz.npy,8.440569092,1
65_02_256_P_20_MPa_mfp.npy,65_02_256_65_02_256_elec_Iz.npy,8.440569092,1
65_02_256_P_5_MPa_mfp.npy,65_02_256_65_02_256_elec_Iz.npy,8.440569092,1
65_05_256_P_1_MPa_mfp.npy,65_05_256_65_05_256_elec_Iz.npy,8.441133874,0
65_05_256_P_10_MPa_mfp.npy,65_05_256_65_05_256_elec_Iz.npy,8.441133874,0
65_05_256_P_2_MPa_mfp.npy,65_05_256_65_05_256_elec_Iz.npy,8.441133874,0
65_05_256_P_20_MPa_mfp.npy,65_05_256_65_05_256_elec_Iz.npy,8.441133874,0
65_05_256_P_5_MPa_mfp.npy,65_05_256_65_05_256_elec_Iz.npy,8.441133874,0
204_09_256_P_1_MPa_mfp.npy,204_09_256_204_09_256_elec_Iz.npy,8.45460632,0
204_09_256_P_10_MPa_mfp.npy,204_09_256_204_09_256_elec_Iz.npy,8.45460632,0
204_09_256_P_2_MPa_mfp.npy,204_09_256_204_09_256_elec_Iz.npy,8.45460632,0
204_09_256_P_20_MPa_mfp.npy,204_09_256_204_09_256_elec_Iz.npy,8.45460632,0
204_09_256_P_5_MPa_mfp.npy,204_09_256_204_09_256_elec_Iz.npy,8.45460632,0
374_01_02_256_P_1_MPa_mfp.npy,374_01_02_256_374_01_02_256_elec_Iz.npy,8.466414752,1
374_01_02_256_P_10_MPa_mfp.npy,374_01_02_256_374_01_02_256_elec_Iz.npy,8.466414752,1
374_01_02_256_P_2_MPa_mfp.npy,374_01_02_256_374_01_02_256_elec_Iz.npy,8.466414752,1
374_01_02_256_P_20_MPa_mfp.npy,374_01_02_256_374_01_02_256_elec_Iz.npy,8.466414752,1
374_01_02_256_P_5_MPa_mfp.npy,374_01_02_256_374_01_02_256_elec_Iz.npy,8.466414752,1
374_03_015_256_P_1_MPa_mfp.npy,374_03_015_256_374_03_015_256_elec_Iz.npy,8.467977152,1
374_03_015_256_P_10_MPa_mfp.npy,374_03_015_256_374_03_015_256_elec_Iz.npy,8.467977152,1
374_03_015_256_P_2_MPa_mfp.npy,374_03_015_256_374_03_015_256_elec_Iz.npy,8.467977152,1
374_03_015_256_P_20_MPa_mfp.npy,374_03_015_256_374_03_015_256_elec_Iz.npy,8.467977152,1
374_03_015_256_P_5_MPa_mfp.npy,374_03_015_256_374_03_015_256_elec_Iz.npy,8.467977152,1
374_03_013_256_P_1_MPa_mfp.npy,374_03_013_256_374_03_013_256_elec_Iz.npy,8.468130723,1
374_03_013_256_P_10_MPa_mfp.npy,374_03_013_256_374_03_013_256_elec_Iz.npy,8.468130723,1
374_03_013_256_P_2_MPa_mfp.npy,374_03_013_256_374_03_013_256_elec_Iz.npy,8.468130723,1
374_03_013_256_P_20_MPa_mfp.npy,374_03_013_256_374_03_013_256_elec_Iz.npy,8.468130723,1
374_03_013_256_P_5_MPa_mfp.npy,374_03_013_256_374_03_013_256_elec_Iz.npy,8.468130723,1
374_03_014_256_P_1_MPa_mfp.npy,374_03_014_256_374_03_014_256_elec_Iz.npy,8.468295247,1
374_03_014_256_P_10_MPa_mfp.npy,374_03_014_256_374_03_014_256_elec_Iz.npy,8.468295247,1
374_03_014_256_P_2_MPa_mfp.npy,374_03_014_256_374_03_014_256_elec_Iz.npy,8.468295247,1
374_03_014_256_P_20_MPa_mfp.npy,374_03_014_256_374_03_014_256_elec_Iz.npy,8.468295247,1
374_03_014_256_P_5_MPa_mfp.npy,374_03_014_256_374_03_014_256_elec_Iz.npy,8.468295247,1
204_07_256_P_10_MPa_mfp.npy,204_07_256_204_07_256_elec_Iz.npy,8.469257359,0
204_07_256_P_2_MPa_mfp.npy,204_07_256_204_07_256_elec_Iz.npy,8.469257359,0
204_08_256_P_1_MPa_mfp.npy,204_08_256_204_08_256_elec_Iz.npy,8.528462615,0
204_08_256_P_10_MPa_mfp.npy,204_08_256_204_08_256_elec_Iz.npy,8.528462615,0
204_08_256_P_2_MPa_mfp.npy,204_08_256_204_08_256_elec_Iz.npy,8.528462615,0
204_08_256_P_20_MPa_mfp.npy,204_08_256_204_08_256_elec_Iz.npy,8.528462615,0
204_08_256_P_5_MPa_mfp.npy,204_08_256_204_08_256_elec_Iz.npy,8.528462615,0
374_03_017_256_P_1_MPa_mfp.npy,374_03_017_256_374_03_017_256_elec_Iz.npy,8.535201503,1
374_03_017_256_P_10_MPa_mfp.npy,374_03_017_256_374_03_017_256_elec_Iz.npy,8.535201503,1
374_03_017_256_P_2_MPa_mfp.npy,374_03_017_256_374_03_017_256_elec_Iz.npy,8.535201503,1
374_03_017_256_P_20_MPa_mfp.npy,374_03_017_256_374_03_017_256_elec_Iz.npy,8.535201503,1
374_03_017_256_P_5_MPa_mfp.npy,374_03_017_256_374_03_017_256_elec_Iz.npy,8.535201503,1
374_03_016_256_P_1_MPa_mfp.npy,374_03_016_256_374_03_016_256_elec_Iz.npy,8.535461095,1
374_03_016_256_P_10_MPa_mfp.npy,374_03_016_256_374_03_016_256_elec_Iz.npy,8.535461095,1
374_03_016_256_P_2_MPa_mfp.npy,374_03_016_256_374_03_016_256_elec_Iz.npy,8.535461095,1
374_03_016_256_P_20_MPa_mfp.npy,374_03_016_256_374_03_016_256_elec_Iz.npy,8.535461095,1
374_03_016_256_P_5_MPa_mfp.npy,374_03_016_256_374_03_016_256_elec_Iz.npy,8.535461095,1
374_03_018_256_P_1_MPa_mfp.npy,374_03_018_256_374_03_018_256_elec_Iz.npy,8.535665942,1
374_03_018_256_P_10_MPa_mfp.npy,374_03_018_256_374_03_018_256_elec_Iz.npy,8.535665942,1
374_03_018_256_P_2_MPa_mfp.npy,374_03_018_256_374_03_018_256_elec_Iz.npy,8.535665942,1
374_03_018_256_P_20_MPa_mfp.npy,374_03_018_256_374_03_018_256_elec_Iz.npy,8.535665942,1
374_03_018_256_P_5_MPa_mfp.npy,374_03_018_256_374_03_018_256_elec_Iz.npy,8.535665942,1
204_011_256_P_1_MPa_mfp.npy,204_011_256_204_011_256_elec_Iz.npy,8.543482657,0
204_011_256_P_2_MPa_mfp.npy,204_011_256_204_011_256_elec_Iz.npy,8.543482657,0
204_011_256_P_20_MPa_mfp.npy,204_011_256_204_011_256_elec_Iz.npy,8.543482657,0
204_011_256_P_5_MPa_mfp.npy,204_011_256_204_011_256_elec_Iz.npy,8.543482657,0
16_01_256_P_1_MPa_mfp.npy,16_01_256_16_01_256_elec_Iz.npy,8.548227419,0
16_01_256_P_10_MPa_mfp.npy,16_01_256_16_01_256_elec_Iz.npy,8.548227419,0
16_01_256_P_2_MPa_mfp.npy,16_01_256_16_01_256_elec_Iz.npy,8.548227419,0
16_01_256_P_20_MPa_mfp.npy,16_01_256_16_01_256_elec_Iz.npy,8.548227419,0
16_01_256_P_5_MPa_mfp.npy,16_01_256_16_01_256_elec_Iz.npy,8.548227419,0
374_01_01_256_P_1_MPa_mfp.npy,374_01_01_256_374_01_01_256_elec_Iz.npy,8.549012808,1
374_01_01_256_P_10_MPa_mfp.npy,374_01_01_256_374_01_01_256_elec_Iz.npy,8.549012808,1
374_01_01_256_P_2_MPa_mfp.npy,374_01_01_256_374_01_01_256_elec_Iz.npy,8.549012808,1
374_01_01_256_P_20_MPa_mfp.npy,374_01_01_256_374_01_01_256_elec_Iz.npy,8.549012808,1
374_01_01_256_P_5_MPa_mfp.npy,374_01_01_256_374_01_01_256_elec_Iz.npy,8.549012808,1
374_05_03_256_P_1_MPa_mfp.npy,374_05_03_256_374_05_03_256_elec_Iz.npy,8.574113405,1
374_05_03_256_P_10_MPa_mfp.npy,374_05_03_256_374_05_03_256_elec_Iz.npy,8.574113405,1
374_05_03_256_P_2_MPa_mfp.npy,374_05_03_256_374_05_03_256_elec_Iz.npy,8.574113405,1
374_05_03_256_P_20_MPa_mfp.npy,374_05_03_256_374_05_03_256_elec_Iz.npy,8.574113405,1
374_05_03_256_P_5_MPa_mfp.npy,374_05_03_256_374_05_03_256_elec_Iz.npy,8.574113405,1
204_01_256_P_1_MPa_mfp.npy,204_01_256_204_01_256_elec_Iz.npy,8.579084721,0
204_01_256_P_10_MPa_mfp.npy,204_01_256_204_01_256_elec_Iz.npy,8.579084721,0
204_01_256_P_2_MPa_mfp.npy,204_01_256_204_01_256_elec_Iz.npy,8.579084721,0
204_01_256_P_20_MPa_mfp.npy,204_01_256_204_01_256_elec_Iz.npy,8.579084721,0
204_01_256_P_5_MPa_mfp.npy,204_01_256_204_01_256_elec_Iz.npy,8.579084721,0
204_010_256_P_1_MPa_mfp.npy,204_010_256_204_010_256_elec_Iz.npy,8.583221501,0
204_010_256_P_10_MPa_mfp.npy,204_010_256_204_010_256_elec_Iz.npy,8.583221501,0
204_010_256_P_2_MPa_mfp.npy,204_010_256_204_010_256_elec_Iz.npy,8.583221501,0
204_010_256_P_20_MPa_mfp.npy,204_010_256_204_010_256_elec_Iz.npy,8.583221501,0
204_010_256_P_5_MPa_mfp.npy,204_010_256_204_010_256_elec_Iz.npy,8.583221501,0
204_04_256_P_20_MPa_mfp.npy,204_04_256_204_04_256_elec_Iz.npy,8.605273054,0
374_10_02_256_P_1_MPa_mfp.npy,374_10_02_256_374_10_02_256_elec_Iz.npy,8.607007414,1
374_10_02_256_P_2_MPa_mfp.npy,374_10_02_256_374_10_02_256_elec_Iz.npy,8.607007414,1
374_10_02_256_P_20_MPa_mfp.npy,374_10_02_256_374_10_02_256_elec_Iz.npy,8.607007414,1
374_10_02_256_P_5_MPa_mfp.npy,374_10_02_256_374_10_02_256_elec_Iz.npy,8.607007414,1
204_06_256_P_10_MPa_mfp.npy,204_06_256_204_06_256_elec_Iz.npy,8.61261932,0
204_06_256_P_20_MPa_mfp.npy,204_06_256_204_06_256_elec_Iz.npy,8.61261932,0
374_05_02_256_P_1_MPa_mfp.npy,374_05_02_256_374_05_02_256_elec_Iz.npy,8.614619859,1
374_05_02_256_P_10_MPa_mfp.npy,374_05_02_256_374_05_02_256_elec_Iz.npy,8.614619859,1
374_05_02_256_P_2_MPa_mfp.npy,374_05_02_256_374_05_02_256_elec_Iz.npy,8.614619859,1
374_05_02_256_P_20_MPa_mfp.npy,374_05_02_256_374_05_02_256_elec_Iz.npy,8.614619859,1
374_05_02_256_P_5_MPa_mfp.npy,374_05_02_256_374_05_02_256_elec_Iz.npy,8.614619859,1
374_05_01_256_P_1_MPa_mfp.npy,374_05_01_256_374_05_01_256_elec_Iz.npy,8.615181681,1
374_05_01_256_P_10_MPa_mfp.npy,374_05_01_256_374_05_01_256_elec_Iz.npy,8.615181681,1
374_05_01_256_P_2_MPa_mfp.npy,374_05_01_256_374_05_01_256_elec_Iz.npy,8.615181681,1
374_05_01_256_P_20_MPa_mfp.npy,374_05_01_256_374_05_01_256_elec_Iz.npy,8.615181681,1
374_05_01_256_P_5_MPa_mfp.npy,374_05_01_256_374_05_01_256_elec_Iz.npy,8.615181681,1
374_01_00_256_P_1_MPa_mfp.npy,374_01_00_256_374_01_00_256_elec_Iz.npy,8.617771831,1
374_01_00_256_P_10_MPa_mfp.npy,374_01_00_256_374_01_00_256_elec_Iz.npy,8.617771831,1
374_01_00_256_P_2_MPa_mfp.npy,374_01_00_256_374_01_00_256_elec_Iz.npy,8.617771831,1
374_01_00_256_P_20_MPa_mfp.npy,374_01_00_256_374_01_00_256_elec_Iz.npy,8.617771831,1
374_01_00_256_P_5_MPa_mfp.npy,374_01_00_256_374_01_00_256_elec_Iz.npy,8.617771831,1
374_10_01_256_P_1_MPa_mfp.npy,374_10_01_256_374_10_01_256_elec_Iz.npy,8.618261703,1
374_10_01_256_P_10_MPa_mfp.npy,374_10_01_256_374_10_01_256_elec_Iz.npy,8.618261703,1
374_10_01_256_P_2_MPa_mfp.npy,374_10_01_256_374_10_01_256_elec_Iz.npy,8.618261703,1
374_10_01_256_P_20_MPa_mfp.npy,374_10_01_256_374_10_01_256_elec_Iz.npy,8.618261703,1
374_10_01_256_P_5_MPa_mfp.npy,374_10_01_256_374_10_01_256_elec_Iz.npy,8.618261703,1
204_05_256_P_1_MPa_mfp.npy,204_05_256_204_05_256_elec_Iz.npy,8.648790079,0
204_05_256_P_10_MPa_mfp.npy,204_05_256_204_05_256_elec_Iz.npy,8.648790079,0
204_05_256_P_20_MPa_mfp.npy,204_05_256_204_05_256_elec_Iz.npy,8.648790079,0
204_05_256_P_5_MPa_mfp.npy,204_05_256_204_05_256_elec_Iz.npy,8.648790079,0
16_02_256_P_1_MPa_mfp.npy,16_02_256_16_02_256_elec_Iz.npy,8.735676717,0
16_02_256_P_2_MPa_mfp.npy,16_02_256_16_02_256_elec_Iz.npy,8.735676717,0
16_02_256_P_20_MPa_mfp.npy,16_02_256_16_02_256_elec_Iz.npy,8.735676717,0
16_02_256_P_5_MPa_mfp.npy,16_02_256_16_02_256_elec_Iz.npy,8.735676717,0
72_01_256_P_1_MPa_mfp.npy,72_01_256_72_01_256_elec_Iz.npy,8.790907564,0
72_01_256_P_10_MPa_mfp.npy,72_01_256_72_01_256_elec_Iz.npy,8.790907564,0
72_01_256_P_2_MPa_mfp.npy,72_01_256_72_01_256_elec_Iz.npy,8.790907564,0
72_01_256_P_20_MPa_mfp.npy,72_01_256_72_01_256_elec_Iz.npy,8.790907564,0
72_01_256_P_5_MPa_mfp.npy,72_01_256_72_01_256_elec_Iz.npy,8.790907564,0
