mpa_uz,elec_uz,label
339_02_256_P_1_MPa_mfp.npy,339_02_256_339_02_256_elec_Iz.npy,7.142175395
339_02_256_P_10_MPa_mfp.npy,339_02_256_339_02_256_elec_Iz.npy,7.142175395
339_02_256_P_2_MPa_mfp.npy,339_02_256_339_02_256_elec_Iz.npy,7.142175395
339_02_256_P_20_MPa_mfp.npy,339_02_256_339_02_256_elec_Iz.npy,7.142175395
339_02_256_P_5_MPa_mfp.npy,339_02_256_339_02_256_elec_Iz.npy,7.142175395
135_00_256_P_1_MPa_mfp.npy,135_00_256_135_00_256_elec_Iz.npy,7.191491088
135_00_256_P_10_MPa_mfp.npy,135_00_256_135_00_256_elec_Iz.npy,7.191491088
135_00_256_P_2_MPa_mfp.npy,135_00_256_135_00_256_elec_Iz.npy,7.191491088
135_00_256_P_20_MPa_mfp.npy,135_00_256_135_00_256_elec_Iz.npy,7.191491088
135_00_256_P_5_MPa_mfp.npy,135_00_256_135_00_256_elec_Iz.npy,7.191491088
339_01_256_P_1_MPa_mfp.npy,339_01_256_339_01_256_elec_Iz.npy,7.254163906
339_01_256_P_10_MPa_mfp.npy,339_01_256_339_01_256_elec_Iz.npy,7.254163906
339_01_256_P_2_MPa_mfp.npy,339_01_256_339_01_256_elec_Iz.npy,7.254163906
339_01_256_P_20_MPa_mfp.npy,339_01_256_339_01_256_elec_Iz.npy,7.254163906
339_01_256_P_5_MPa_mfp.npy,339_01_256_339_01_256_elec_Iz.npy,7.254163906
207_01_256_P_1_MPa_mfp.npy,207_01_256_207_01_256_elec_Iz.npy,7.334084645
207_01_256_P_10_MPa_mfp.npy,207_01_256_207_01_256_elec_Iz.npy,7.334084645
207_01_256_P_2_MPa_mfp.npy,207_01_256_207_01_256_elec_Iz.npy,7.334084645
207_01_256_P_20_MPa_mfp.npy,207_01_256_207_01_256_elec_Iz.npy,7.334084645
207_01_256_P_5_MPa_mfp.npy,207_01_256_207_01_256_elec_Iz.npy,7.334084645
374_02_033_256_P_1_MPa_mfp.npy,374_02_033_256_374_02_033_256_elec_Iz.npy,7.334286093
374_02_033_256_P_10_MPa_mfp.npy,374_02_033_256_374_02_033_256_elec_Iz.npy,7.334286093
374_02_033_256_P_2_MPa_mfp.npy,374_02_033_256_374_02_033_256_elec_Iz.npy,7.334286093
374_02_033_256_P_20_MPa_mfp.npy,374_02_033_256_374_02_033_256_elec_Iz.npy,7.334286093
374_02_033_256_P_5_MPa_mfp.npy,374_02_033_256_374_02_033_256_elec_Iz.npy,7.334286093
374_02_032_256_P_1_MPa_mfp.npy,374_02_032_256_374_02_032_256_elec_Iz.npy,7.334316062
374_02_032_256_P_10_MPa_mfp.npy,374_02_032_256_374_02_032_256_elec_Iz.npy,7.334316062
374_02_032_256_P_2_MPa_mfp.npy,374_02_032_256_374_02_032_256_elec_Iz.npy,7.334316062
374_02_032_256_P_20_MPa_mfp.npy,374_02_032_256_374_02_032_256_elec_Iz.npy,7.334316062
374_02_034_256_P_1_MPa_mfp.npy,374_02_034_256_374_02_034_256_elec_Iz.npy,7.33450904
374_02_034_256_P_10_MPa_mfp.npy,374_02_034_256_374_02_034_256_elec_Iz.npy,7.33450904
374_02_034_256_P_2_MPa_mfp.npy,374_02_034_256_374_02_034_256_elec_Iz.npy,7.33450904
374_02_034_256_P_20_MPa_mfp.npy,374_02_034_256_374_02_034_256_elec_Iz.npy,7.33450904
374_02_034_256_P_5_MPa_mfp.npy,374_02_034_256_374_02_034_256_elec_Iz.npy,7.33450904
374_02_031_256_P_1_MPa_mfp.npy,374_02_031_256_374_02_031_256_elec_Iz.npy,7.334701912
374_02_031_256_P_10_MPa_mfp.npy,374_02_031_256_374_02_031_256_elec_Iz.npy,7.334701912
374_02_031_256_P_2_MPa_mfp.npy,374_02_031_256_374_02_031_256_elec_Iz.npy,7.334701912
374_02_031_256_P_20_MPa_mfp.npy,374_02_031_256_374_02_031_256_elec_Iz.npy,7.334701912
374_02_031_256_P_5_MPa_mfp.npy,374_02_031_256_374_02_031_256_elec_Iz.npy,7.334701912
374_02_030_256_P_1_MPa_mfp.npy,374_02_030_256_374_02_030_256_elec_Iz.npy,7.334974913
374_02_030_256_P_10_MPa_mfp.npy,374_02_030_256_374_02_030_256_elec_Iz.npy,7.334974913
374_02_030_256_P_2_MPa_mfp.npy,374_02_030_256_374_02_030_256_elec_Iz.npy,7.334974913
374_02_030_256_P_20_MPa_mfp.npy,374_02_030_256_374_02_030_256_elec_Iz.npy,7.334974913
374_02_030_256_P_5_MPa_mfp.npy,374_02_030_256_374_02_030_256_elec_Iz.npy,7.334974913
172_03_256_P_10_MPa_mfp.npy,172_03_256_172_03_256_elec_Iz.npy,7.431872716
172_03_256_P_20_MPa_mfp.npy,172_03_256_172_03_256_elec_Iz.npy,7.431872716
73_02_256_P_1_MPa_mfp.npy,73_02_256_73_02_256_elec_Iz.npy,7.458763014
73_02_256_P_10_MPa_mfp.npy,73_02_256_73_02_256_elec_Iz.npy,7.458763014
73_02_256_P_2_MPa_mfp.npy,73_02_256_73_02_256_elec_Iz.npy,7.458763014
73_02_256_P_20_MPa_mfp.npy,73_02_256_73_02_256_elec_Iz.npy,7.458763014
73_02_256_P_5_MPa_mfp.npy,73_02_256_73_02_256_elec_Iz.npy,7.458763014
207_02_256_P_1_MPa_mfp.npy,207_02_256_207_02_256_elec_Iz.npy,7.564462999
207_02_256_P_10_MPa_mfp.npy,207_02_256_207_02_256_elec_Iz.npy,7.564462999
207_02_256_P_20_MPa_mfp.npy,207_02_256_207_02_256_elec_Iz.npy,7.564462999
207_02_256_P_5_MPa_mfp.npy,207_02_256_207_02_256_elec_Iz.npy,7.564462999
374_02_020_256_P_1_MPa_mfp.npy,374_02_020_256_374_02_020_256_elec_Iz.npy,7.607474679
374_02_020_256_P_10_MPa_mfp.npy,374_02_020_256_374_02_020_256_elec_Iz.npy,7.607474679
374_02_020_256_P_2_MPa_mfp.npy,374_02_020_256_374_02_020_256_elec_Iz.npy,7.607474679
374_02_020_256_P_20_MPa_mfp.npy,374_02_020_256_374_02_020_256_elec_Iz.npy,7.607474679
374_02_020_256_P_5_MPa_mfp.npy,374_02_020_256_374_02_020_256_elec_Iz.npy,7.607474679
374_02_021_256_P_1_MPa_mfp.npy,374_02_021_256_374_02_021_256_elec_Iz.npy,7.609557082
374_02_021_256_P_10_MPa_mfp.npy,374_02_021_256_374_02_021_256_elec_Iz.npy,7.609557082
374_02_021_256_P_2_MPa_mfp.npy,374_02_021_256_374_02_021_256_elec_Iz.npy,7.609557082
374_02_021_256_P_20_MPa_mfp.npy,374_02_021_256_374_02_021_256_elec_Iz.npy,7.609557082
374_02_021_256_P_5_MPa_mfp.npy,374_02_021_256_374_02_021_256_elec_Iz.npy,7.609557082
374_02_024_256_P_1_MPa_mfp.npy,374_02_024_256_374_02_024_256_elec_Iz.npy,7.60967919
374_02_024_256_P_10_MPa_mfp.npy,374_02_024_256_374_02_024_256_elec_Iz.npy,7.60967919
374_02_024_256_P_2_MPa_mfp.npy,374_02_024_256_374_02_024_256_elec_Iz.npy,7.60967919
374_02_024_256_P_20_MPa_mfp.npy,374_02_024_256_374_02_024_256_elec_Iz.npy,7.60967919
374_02_024_256_P_5_MPa_mfp.npy,374_02_024_256_374_02_024_256_elec_Iz.npy,7.60967919
374_02_023_256_P_1_MPa_mfp.npy,374_02_023_256_374_02_023_256_elec_Iz.npy,7.610463813
374_02_023_256_P_10_MPa_mfp.npy,374_02_023_256_374_02_023_256_elec_Iz.npy,7.610463813
374_02_023_256_P_2_MPa_mfp.npy,374_02_023_256_374_02_023_256_elec_Iz.npy,7.610463813
374_02_023_256_P_20_MPa_mfp.npy,374_02_023_256_374_02_023_256_elec_Iz.npy,7.610463813
374_02_023_256_P_5_MPa_mfp.npy,374_02_023_256_374_02_023_256_elec_Iz.npy,7.610463813
374_02_022_256_P_1_MPa_mfp.npy,374_02_022_256_374_02_022_256_elec_Iz.npy,7.610510774
374_02_022_256_P_10_MPa_mfp.npy,374_02_022_256_374_02_022_256_elec_Iz.npy,7.610510774
374_02_022_256_P_2_MPa_mfp.npy,374_02_022_256_374_02_022_256_elec_Iz.npy,7.610510774
374_02_022_256_P_20_MPa_mfp.npy,374_02_022_256_374_02_022_256_elec_Iz.npy,7.610510774
374_02_022_256_P_5_MPa_mfp.npy,374_02_022_256_374_02_022_256_elec_Iz.npy,7.610510774
72_02_256_P_1_MPa_mfp.npy,72_02_256_72_02_256_elec_Iz.npy,7.702384985
72_02_256_P_10_MPa_mfp.npy,72_02_256_72_02_256_elec_Iz.npy,7.702384985
72_02_256_P_2_MPa_mfp.npy,72_02_256_72_02_256_elec_Iz.npy,7.702384985
72_02_256_P_20_MPa_mfp.npy,72_02_256_72_02_256_elec_Iz.npy,7.702384985
72_02_256_P_5_MPa_mfp.npy,72_02_256_72_02_256_elec_Iz.npy,7.702384985
344_04_256_P_1_MPa_mfp.npy,344_04_256_344_04_256_elec_Iz.npy,7.70390994
344_04_256_P_20_MPa_mfp.npy,344_04_256_344_04_256_elec_Iz.npy,7.70390994
344_05_256_P_2_MPa_mfp.npy,344_05_256_344_05_256_elec_Iz.npy,7.717925979
344_05_256_P_5_MPa_mfp.npy,344_05_256_344_05_256_elec_Iz.npy,7.717925979
374_01_07_256_P_10_MPa_mfp.npy,374_01_07_256_374_01_07_256_elec_Iz.npy,7.807121033
374_01_07_256_P_20_MPa_mfp.npy,374_01_07_256_374_01_07_256_elec_Iz.npy,7.807121033
31_03_256_P_1_MPa_mfp.npy,31_03_256_31_03_256_elec_Iz.npy,7.811520836
31_03_256_P_10_MPa_mfp.npy,31_03_256_31_03_256_elec_Iz.npy,7.811520836
31_03_256_P_2_MPa_mfp.npy,31_03_256_31_03_256_elec_Iz.npy,7.811520836
31_03_256_P_20_MPa_mfp.npy,31_03_256_31_03_256_elec_Iz.npy,7.811520836
31_03_256_P_5_MPa_mfp.npy,31_03_256_31_03_256_elec_Iz.npy,7.811520836
344_02_256_P_10_MPa_mfp.npy,344_02_256_344_02_256_elec_Iz.npy,7.836874687
344_02_256_P_20_MPa_mfp.npy,344_02_256_344_02_256_elec_Iz.npy,7.836874687
135_04_256_P_1_MPa_mfp.npy,135_04_256_135_04_256_elec_Iz.npy,7.864941519
135_04_256_P_2_MPa_mfp.npy,135_04_256_135_04_256_elec_Iz.npy,7.864941519
135_04_256_P_20_MPa_mfp.npy,135_04_256_135_04_256_elec_Iz.npy,7.864941519
135_04_256_P_5_MPa_mfp.npy,135_04_256_135_04_256_elec_Iz.npy,7.864941519
31_02_256_P_1_MPa_mfp.npy,31_02_256_31_02_256_elec_Iz.npy,7.866306578
31_02_256_P_2_MPa_mfp.npy,31_02_256_31_02_256_elec_Iz.npy,7.866306578
31_02_256_P_20_MPa_mfp.npy,31_02_256_31_02_256_elec_Iz.npy,7.866306578
31_02_256_P_5_MPa_mfp.npy,31_02_256_31_02_256_elec_Iz.npy,7.866306578
31_04_256_P_1_MPa_mfp.npy,31_04_256_31_04_256_elec_Iz.npy,7.888384457
31_04_256_P_2_MPa_mfp.npy,31_04_256_31_04_256_elec_Iz.npy,7.888384457
31_04_256_P_20_MPa_mfp.npy,31_04_256_31_04_256_elec_Iz.npy,7.888384457
31_04_256_P_5_MPa_mfp.npy,31_04_256_31_04_256_elec_Iz.npy,7.888384457
57_01_256_P_1_MPa_mfp.npy,57_01_256_57_01_256_elec_Iz.npy,7.903154931
57_01_256_P_2_MPa_mfp.npy,57_01_256_57_01_256_elec_Iz.npy,7.903154931
57_01_256_P_20_MPa_mfp.npy,57_01_256_57_01_256_elec_Iz.npy,7.923641486
374_02_012_256_P_1_MPa_mfp.npy,374_02_012_256_374_02_012_256_elec_Iz.npy,7.927286063
374_02_012_256_P_10_MPa_mfp.npy,374_02_012_256_374_02_012_256_elec_Iz.npy,7.927286063
374_02_012_256_P_2_MPa_mfp.npy,374_02_012_256_374_02_012_256_elec_Iz.npy,7.927286063
374_02_012_256_P_5_MPa_mfp.npy,374_02_012_256_374_02_012_256_elec_Iz.npy,7.927286063
374_02_013_256_P_1_MPa_mfp.npy,374_02_013_256_374_02_013_256_elec_Iz.npy,7.927339314
374_02_013_256_P_10_MPa_mfp.npy,374_02_013_256_374_02_013_256_elec_Iz.npy,7.927339314
374_02_013_256_P_2_MPa_mfp.npy,374_02_013_256_374_02_013_256_elec_Iz.npy,7.927339314
374_02_013_256_P_20_MPa_mfp.npy,374_02_013_256_374_02_013_256_elec_Iz.npy,7.927339314
374_02_013_256_P_5_MPa_mfp.npy,374_02_013_256_374_02_013_256_elec_Iz.npy,7.927339314
374_02_014_256_P_1_MPa_mfp.npy,374_02_014_256_374_02_014_256_elec_Iz.npy,7.927510947
374_02_014_256_P_10_MPa_mfp.npy,374_02_014_256_374_02_014_256_elec_Iz.npy,7.927510947
374_02_014_256_P_2_MPa_mfp.npy,374_02_014_256_374_02_014_256_elec_Iz.npy,7.927510947
374_02_014_256_P_20_MPa_mfp.npy,374_02_014_256_374_02_014_256_elec_Iz.npy,7.927510947
374_02_014_256_P_5_MPa_mfp.npy,374_02_014_256_374_02_014_256_elec_Iz.npy,7.927510947
374_02_011_256_P_1_MPa_mfp.npy,374_02_011_256_374_02_011_256_elec_Iz.npy,7.927734797
374_02_011_256_P_10_MPa_mfp.npy,374_02_011_256_374_02_011_256_elec_Iz.npy,7.927734797
374_02_011_256_P_2_MPa_mfp.npy,374_02_011_256_374_02_011_256_elec_Iz.npy,7.927734797
374_02_011_256_P_20_MPa_mfp.npy,374_02_011_256_374_02_011_256_elec_Iz.npy,7.927734797
374_02_011_256_P_5_MPa_mfp.npy,374_02_011_256_374_02_011_256_elec_Iz.npy,7.927734797
374_02_010_256_P_1_MPa_mfp.npy,374_02_010_256_374_02_010_256_elec_Iz.npy,7.928726349
374_02_010_256_P_10_MPa_mfp.npy,374_02_010_256_374_02_010_256_elec_Iz.npy,7.928726349
374_02_010_256_P_2_MPa_mfp.npy,374_02_010_256_374_02_010_256_elec_Iz.npy,7.928726349
374_02_010_256_P_20_MPa_mfp.npy,374_02_010_256_374_02_010_256_elec_Iz.npy,7.928726349
374_02_010_256_P_5_MPa_mfp.npy,374_02_010_256_374_02_010_256_elec_Iz.npy,7.928726349
10_01_256_P_1_MPa_mfp.npy,10_01_256_10_01_256_elec_Iz.npy,7.931846213
10_01_256_P_10_MPa_mfp.npy,10_01_256_10_01_256_elec_Iz.npy,7.931846213
10_01_256_P_2_MPa_mfp.npy,10_01_256_10_01_256_elec_Iz.npy,7.931846213
10_01_256_P_20_MPa_mfp.npy,10_01_256_10_01_256_elec_Iz.npy,7.931846213
10_01_256_P_5_MPa_mfp.npy,10_01_256_10_01_256_elec_Iz.npy,7.931846213
317_011_256_P_1_MPa_mfp.npy,317_011_256_317_011_256_elec_Iz.npy,7.935816759
317_011_256_P_10_MPa_mfp.npy,317_011_256_317_011_256_elec_Iz.npy,7.935816759
317_011_256_P_2_MPa_mfp.npy,317_011_256_317_011_256_elec_Iz.npy,7.935816759
317_011_256_P_20_MPa_mfp.npy,317_011_256_317_011_256_elec_Iz.npy,7.935816759
317_011_256_P_5_MPa_mfp.npy,317_011_256_317_011_256_elec_Iz.npy,7.935816759
65_03_256_P_1_MPa_mfp.npy,65_03_256_65_03_256_elec_Iz.npy,7.95192835
65_03_256_P_10_MPa_mfp.npy,65_03_256_65_03_256_elec_Iz.npy,7.95192835
65_03_256_P_2_MPa_mfp.npy,65_03_256_65_03_256_elec_Iz.npy,7.95192835
65_03_256_P_20_MPa_mfp.npy,65_03_256_65_03_256_elec_Iz.npy,7.95192835
65_03_256_P_5_MPa_mfp.npy,65_03_256_65_03_256_elec_Iz.npy,7.95192835
374_03_03_256_P_1_MPa_mfp.npy,374_03_03_256_374_03_03_256_elec_Iz.npy,7.986584101
374_03_03_256_P_10_MPa_mfp.npy,374_03_03_256_374_03_03_256_elec_Iz.npy,7.986584101
374_03_03_256_P_2_MPa_mfp.npy,374_03_03_256_374_03_03_256_elec_Iz.npy,7.986584101
374_03_03_256_P_20_MPa_mfp.npy,374_03_03_256_374_03_03_256_elec_Iz.npy,7.986584101
374_03_03_256_P_5_MPa_mfp.npy,374_03_03_256_374_03_03_256_elec_Iz.npy,7.986584101
374_03_02_256_P_1_MPa_mfp.npy,374_03_02_256_374_03_02_256_elec_Iz.npy,7.987921481
374_03_02_256_P_10_MPa_mfp.npy,374_03_02_256_374_03_02_256_elec_Iz.npy,7.987921481
374_03_02_256_P_2_MPa_mfp.npy,374_03_02_256_374_03_02_256_elec_Iz.npy,7.987921481
374_03_02_256_P_20_MPa_mfp.npy,374_03_02_256_374_03_02_256_elec_Iz.npy,7.987921481
374_03_02_256_P_5_MPa_mfp.npy,374_03_02_256_374_03_02_256_elec_Iz.npy,7.987921481
374_06_00_256_P_1_MPa_mfp.npy,374_06_00_256_374_06_00_256_elec_Iz.npy,7.988205648
374_06_00_256_P_10_MPa_mfp.npy,374_06_00_256_374_06_00_256_elec_Iz.npy,7.988205648
374_06_00_256_P_2_MPa_mfp.npy,374_06_00_256_374_06_00_256_elec_Iz.npy,7.988205648
374_06_00_256_P_20_MPa_mfp.npy,374_06_00_256_374_06_00_256_elec_Iz.npy,7.988205648
374_06_00_256_P_5_MPa_mfp.npy,374_06_00_256_374_06_00_256_elec_Iz.npy,7.988205648
374_06_01_256_P_1_MPa_mfp.npy,374_06_01_256_374_06_01_256_elec_Iz.npy,7.988205648
374_06_01_256_P_10_MPa_mfp.npy,374_06_01_256_374_06_01_256_elec_Iz.npy,7.988205648
374_06_01_256_P_2_MPa_mfp.npy,374_06_01_256_374_06_01_256_elec_Iz.npy,7.988205648
374_06_01_256_P_20_MPa_mfp.npy,374_06_01_256_374_06_01_256_elec_Iz.npy,7.988205648
374_06_01_256_P_5_MPa_mfp.npy,374_06_01_256_374_06_01_256_elec_Iz.npy,7.988205648
374_07_00_256_P_1_MPa_mfp.npy,374_07_00_256_374_07_00_256_elec_Iz.npy,7.988919236
374_07_00_256_P_10_MPa_mfp.npy,374_07_00_256_374_07_00_256_elec_Iz.npy,7.988919236
374_07_00_256_P_2_MPa_mfp.npy,374_07_00_256_374_07_00_256_elec_Iz.npy,7.988919236
374_07_00_256_P_20_MPa_mfp.npy,374_07_00_256_374_07_00_256_elec_Iz.npy,7.988919236
374_07_00_256_P_5_MPa_mfp.npy,374_07_00_256_374_07_00_256_elec_Iz.npy,7.988919236
31_01_256_P_1_MPa_mfp.npy,31_01_256_31_01_256_elec_Iz.npy,7.990855544
31_01_256_P_10_MPa_mfp.npy,31_01_256_31_01_256_elec_Iz.npy,7.990855544
31_01_256_P_2_MPa_mfp.npy,31_01_256_31_01_256_elec_Iz.npy,7.990855544
31_01_256_P_20_MPa_mfp.npy,31_01_256_31_01_256_elec_Iz.npy,7.990855544
31_01_256_P_5_MPa_mfp.npy,31_01_256_31_01_256_elec_Iz.npy,7.990855544
374_03_01_256_P_1_MPa_mfp.npy,374_03_01_256_374_03_01_256_elec_Iz.npy,7.99089943
374_03_01_256_P_10_MPa_mfp.npy,374_03_01_256_374_03_01_256_elec_Iz.npy,7.99089943
374_03_01_256_P_2_MPa_mfp.npy,374_03_01_256_374_03_01_256_elec_Iz.npy,7.99089943
374_03_01_256_P_20_MPa_mfp.npy,374_03_01_256_374_03_01_256_elec_Iz.npy,7.99089943
374_03_01_256_P_5_MPa_mfp.npy,374_03_01_256_374_03_01_256_elec_Iz.npy,7.99089943
374_08_00_256_P_1_MPa_mfp.npy,374_08_00_256_374_08_00_256_elec_Iz.npy,7.991472145
374_08_00_256_P_10_MPa_mfp.npy,374_08_00_256_374_08_00_256_elec_Iz.npy,7.991472145
374_08_00_256_P_2_MPa_mfp.npy,374_08_00_256_374_08_00_256_elec_Iz.npy,7.991472145
374_08_00_256_P_20_MPa_mfp.npy,374_08_00_256_374_08_00_256_elec_Iz.npy,7.991472145
374_08_00_256_P_5_MPa_mfp.npy,374_08_00_256_374_08_00_256_elec_Iz.npy,7.991472145
374_05_00_256_P_1_MPa_mfp.npy,374_05_00_256_374_05_00_256_elec_Iz.npy,7.99657956
374_05_00_256_P_10_MPa_mfp.npy,374_05_00_256_374_05_00_256_elec_Iz.npy,7.99657956
374_05_00_256_P_2_MPa_mfp.npy,374_05_00_256_374_05_00_256_elec_Iz.npy,7.99657956
374_05_00_256_P_20_MPa_mfp.npy,374_05_00_256_374_05_00_256_elec_Iz.npy,7.99657956
374_05_00_256_P_5_MPa_mfp.npy,374_05_00_256_374_05_00_256_elec_Iz.npy,7.99657956
374_01_06_256_P_1_MPa_mfp.npy,374_01_06_256_374_01_06_256_elec_Iz.npy,8.006056157
374_01_06_256_P_10_MPa_mfp.npy,374_01_06_256_374_01_06_256_elec_Iz.npy,8.006056157
374_01_06_256_P_2_MPa_mfp.npy,374_01_06_256_374_01_06_256_elec_Iz.npy,8.006056157
374_01_06_256_P_20_MPa_mfp.npy,374_01_06_256_374_01_06_256_elec_Iz.npy,8.006056157
374_01_06_256_P_5_MPa_mfp.npy,374_01_06_256_374_01_06_256_elec_Iz.npy,8.006056157
57_02_256_P_1_MPa_mfp.npy,57_02_256_57_02_256_elec_Iz.npy,8.009947696
57_02_256_P_2_MPa_mfp.npy,57_02_256_57_02_256_elec_Iz.npy,8.009947696
57_02_256_P_10_MPa_mfp.npy,57_02_256_57_02_256_elec_Iz.npy,8.011188646
57_02_256_P_20_MPa_mfp.npy,57_02_256_57_02_256_elec_Iz.npy,8.011188646
57_02_256_P_5_MPa_mfp.npy,57_02_256_57_02_256_elec_Iz.npy,8.011188646
207_03_256_P_1_MPa_mfp.npy,207_03_256_207_03_256_elec_Iz.npy,8.021921209
207_03_256_P_2_MPa_mfp.npy,207_03_256_207_03_256_elec_Iz.npy,8.021921209
207_03_256_P_20_MPa_mfp.npy,207_03_256_207_03_256_elec_Iz.npy,8.021921209
207_03_256_P_5_MPa_mfp.npy,207_03_256_207_03_256_elec_Iz.npy,8.021921209
374_04_00_256_P_1_MPa_mfp.npy,374_04_00_256_374_04_00_256_elec_Iz.npy,8.04774182
374_04_00_256_P_10_MPa_mfp.npy,374_04_00_256_374_04_00_256_elec_Iz.npy,8.04774182
374_04_00_256_P_2_MPa_mfp.npy,374_04_00_256_374_04_00_256_elec_Iz.npy,8.04774182
374_04_00_256_P_20_MPa_mfp.npy,374_04_00_256_374_04_00_256_elec_Iz.npy,8.04774182
374_04_00_256_P_5_MPa_mfp.npy,374_04_00_256_374_04_00_256_elec_Iz.npy,8.04774182
135_02_256_P_1_MPa_mfp.npy,135_02_256_135_02_256_elec_Iz.npy,8.055154792
135_02_256_P_10_MPa_mfp.npy,135_02_256_135_02_256_elec_Iz.npy,8.055154792
135_02_256_P_20_MPa_mfp.npy,135_02_256_135_02_256_elec_Iz.npy,8.055154792
135_02_256_P_5_MPa_mfp.npy,135_02_256_135_02_256_elec_Iz.npy,8.055154792
374_04_01_256_P_1_MPa_mfp.npy,374_04_01_256_374_04_01_256_elec_Iz.npy,8.077440617
374_04_01_256_P_10_MPa_mfp.npy,374_04_01_256_374_04_01_256_elec_Iz.npy,8.077440617
374_04_01_256_P_2_MPa_mfp.npy,374_04_01_256_374_04_01_256_elec_Iz.npy,8.077440617
374_04_01_256_P_20_MPa_mfp.npy,374_04_01_256_374_04_01_256_elec_Iz.npy,8.077440617
374_04_01_256_P_5_MPa_mfp.npy,374_04_01_256_374_04_01_256_elec_Iz.npy,8.077440617
135_03_256_P_1_MPa_mfp.npy,135_03_256_135_03_256_elec_Iz.npy,8.089260101
135_03_256_P_10_MPa_mfp.npy,135_03_256_135_03_256_elec_Iz.npy,8.089260101
135_03_256_P_20_MPa_mfp.npy,135_03_256_135_03_256_elec_Iz.npy,8.089260101
135_03_256_P_5_MPa_mfp.npy,135_03_256_135_03_256_elec_Iz.npy,8.089260101
57_04_256_P_1_MPa_mfp.npy,57_04_256_57_04_256_elec_Iz.npy,8.095004983
57_04_256_P_10_MPa_mfp.npy,57_04_256_57_04_256_elec_Iz.npy,8.095004983
57_04_256_P_2_MPa_mfp.npy,57_04_256_57_04_256_elec_Iz.npy,8.095004983
57_04_256_P_20_MPa_mfp.npy,57_04_256_57_04_256_elec_Iz.npy,8.095004983
57_04_256_P_5_MPa_mfp.npy,57_04_256_57_04_256_elec_Iz.npy,8.095004983
172_02_256_P_10_MPa_mfp.npy,172_02_256_172_02_256_elec_Iz.npy,8.124401374
172_02_256_P_2_MPa_mfp.npy,172_02_256_172_02_256_elec_Iz.npy,8.124401374
172_02_256_P_20_MPa_mfp.npy,172_02_256_172_02_256_elec_Iz.npy,8.124401374
172_02_256_P_5_MPa_mfp.npy,172_02_256_172_02_256_elec_Iz.npy,8.124401374
374_01_05_256_P_1_MPa_mfp.npy,374_01_05_256_374_01_05_256_elec_Iz.npy,8.144371595
374_01_05_256_P_10_MPa_mfp.npy,374_01_05_256_374_01_05_256_elec_Iz.npy,8.144371595
374_01_05_256_P_2_MPa_mfp.npy,374_01_05_256_374_01_05_256_elec_Iz.npy,8.144371595
374_01_05_256_P_20_MPa_mfp.npy,374_01_05_256_374_01_05_256_elec_Iz.npy,8.144371595
374_01_05_256_P_5_MPa_mfp.npy,374_01_05_256_374_01_05_256_elec_Iz.npy,8.144371595
374_03_04_256_P_1_MPa_mfp.npy,374_03_04_256_374_03_04_256_elec_Iz.npy,8.166502351
374_03_04_256_P_10_MPa_mfp.npy,374_03_04_256_374_03_04_256_elec_Iz.npy,8.166502351
374_03_04_256_P_2_MPa_mfp.npy,374_03_04_256_374_03_04_256_elec_Iz.npy,8.166502351
374_03_04_256_P_20_MPa_mfp.npy,374_03_04_256_374_03_04_256_elec_Iz.npy,8.166502351
374_03_04_256_P_5_MPa_mfp.npy,374_03_04_256_374_03_04_256_elec_Iz.npy,8.166502351
374_03_06_256_P_1_MPa_mfp.npy,374_03_06_256_374_03_06_256_elec_Iz.npy,8.166894546
374_03_06_256_P_10_MPa_mfp.npy,374_03_06_256_374_03_06_256_elec_Iz.npy,8.166894546
374_03_06_256_P_2_MPa_mfp.npy,374_03_06_256_374_03_06_256_elec_Iz.npy,8.166894546
374_03_06_256_P_20_MPa_mfp.npy,374_03_06_256_374_03_06_256_elec_Iz.npy,8.166894546
374_03_06_256_P_5_MPa_mfp.npy,374_03_06_256_374_03_06_256_elec_Iz.npy,8.166894546
374_07_01_256_P_1_MPa_mfp.npy,374_07_01_256_374_07_01_256_elec_Iz.npy,8.167228088
374_07_01_256_P_10_MPa_mfp.npy,374_07_01_256_374_07_01_256_elec_Iz.npy,8.167228088
374_07_01_256_P_2_MPa_mfp.npy,374_07_01_256_374_07_01_256_elec_Iz.npy,8.167228088
374_07_01_256_P_20_MPa_mfp.npy,374_07_01_256_374_07_01_256_elec_Iz.npy,8.167228088
374_07_01_256_P_5_MPa_mfp.npy,374_07_01_256_374_07_01_256_elec_Iz.npy,8.167228088
374_03_05_256_P_1_MPa_mfp.npy,374_03_05_256_374_03_05_256_elec_Iz.npy,8.167759505
374_03_05_256_P_10_MPa_mfp.npy,374_03_05_256_374_03_05_256_elec_Iz.npy,8.167759505
374_03_05_256_P_2_MPa_mfp.npy,374_03_05_256_374_03_05_256_elec_Iz.npy,8.167759505
374_03_05_256_P_20_MPa_mfp.npy,374_03_05_256_374_03_05_256_elec_Iz.npy,8.167759505
374_03_05_256_P_5_MPa_mfp.npy,374_03_05_256_374_03_05_256_elec_Iz.npy,8.167759505
57_03_256_P_1_MPa_mfp.npy,57_03_256_57_03_256_elec_Iz.npy,8.185869919
57_03_256_P_2_MPa_mfp.npy,57_03_256_57_03_256_elec_Iz.npy,8.185869919
57_03_256_P_20_MPa_mfp.npy,57_03_256_57_03_256_elec_Iz.npy,8.185869919
57_03_256_P_10_MPa_mfp.npy,57_03_256_57_03_256_elec_Iz.npy,8.186417779
57_03_256_P_5_MPa_mfp.npy,57_03_256_57_03_256_elec_Iz.npy,8.186417779
374_09_01_256_P_1_MPa_mfp.npy,374_09_01_256_374_09_01_256_elec_Iz.npy,8.207456847
374_09_01_256_P_10_MPa_mfp.npy,374_09_01_256_374_09_01_256_elec_Iz.npy,8.207456847
374_09_01_256_P_2_MPa_mfp.npy,374_09_01_256_374_09_01_256_elec_Iz.npy,8.207456847
374_09_01_256_P_20_MPa_mfp.npy,374_09_01_256_374_09_01_256_elec_Iz.npy,8.207456847
374_09_01_256_P_5_MPa_mfp.npy,374_09_01_256_374_09_01_256_elec_Iz.npy,8.207456847
204_02_256_P_1_MPa_mfp.npy,204_02_256_204_02_256_elec_Iz.npy,8.212613606
204_02_256_P_10_MPa_mfp.npy,204_02_256_204_02_256_elec_Iz.npy,8.212613606
204_02_256_P_2_MPa_mfp.npy,204_02_256_204_02_256_elec_Iz.npy,8.212613606
204_02_256_P_20_MPa_mfp.npy,204_02_256_204_02_256_elec_Iz.npy,8.212613606
204_02_256_P_5_MPa_mfp.npy,204_02_256_204_02_256_elec_Iz.npy,8.212613606
374_02_02_256_P_1_MPa_mfp.npy,374_02_02_256_374_02_02_256_elec_Iz.npy,8.226858858
374_02_02_256_P_10_MPa_mfp.npy,374_02_02_256_374_02_02_256_elec_Iz.npy,8.226858858
374_02_02_256_P_2_MPa_mfp.npy,374_02_02_256_374_02_02_256_elec_Iz.npy,8.226858858
374_02_02_256_P_20_MPa_mfp.npy,374_02_02_256_374_02_02_256_elec_Iz.npy,8.226858858
374_02_02_256_P_5_MPa_mfp.npy,374_02_02_256_374_02_02_256_elec_Iz.npy,8.226858858
374_02_01_256_P_1_MPa_mfp.npy,374_02_01_256_374_02_01_256_elec_Iz.npy,8.226880966
374_02_01_256_P_10_MPa_mfp.npy,374_02_01_256_374_02_01_256_elec_Iz.npy,8.226880966
374_02_01_256_P_2_MPa_mfp.npy,374_02_01_256_374_02_01_256_elec_Iz.npy,8.226880966
374_02_01_256_P_20_MPa_mfp.npy,374_02_01_256_374_02_01_256_elec_Iz.npy,8.226880966
374_02_01_256_P_5_MPa_mfp.npy,374_02_01_256_374_02_01_256_elec_Iz.npy,8.226880966
374_02_03_256_P_1_MPa_mfp.npy,374_02_03_256_374_02_03_256_elec_Iz.npy,8.22692349
374_02_03_256_P_10_MPa_mfp.npy,374_02_03_256_374_02_03_256_elec_Iz.npy,8.22692349
374_02_03_256_P_2_MPa_mfp.npy,374_02_03_256_374_02_03_256_elec_Iz.npy,8.22692349
374_02_03_256_P_20_MPa_mfp.npy,374_02_03_256_374_02_03_256_elec_Iz.npy,8.22692349
374_02_03_256_P_5_MPa_mfp.npy,374_02_03_256_374_02_03_256_elec_Iz.npy,8.22692349
374_02_00_256_P_1_MPa_mfp.npy,374_02_00_256_374_02_00_256_elec_Iz.npy,8.226964323
374_02_00_256_P_10_MPa_mfp.npy,374_02_00_256_374_02_00_256_elec_Iz.npy,8.226964323
374_02_00_256_P_2_MPa_mfp.npy,374_02_00_256_374_02_00_256_elec_Iz.npy,8.226964323
374_02_00_256_P_20_MPa_mfp.npy,374_02_00_256_374_02_00_256_elec_Iz.npy,8.226964323
374_02_00_256_P_5_MPa_mfp.npy,374_02_00_256_374_02_00_256_elec_Iz.npy,8.226964323
374_02_04_256_P_1_MPa_mfp.npy,374_02_04_256_374_02_04_256_elec_Iz.npy,8.226965244
374_02_04_256_P_10_MPa_mfp.npy,374_02_04_256_374_02_04_256_elec_Iz.npy,8.226965244
374_02_04_256_P_2_MPa_mfp.npy,374_02_04_256_374_02_04_256_elec_Iz.npy,8.226965244
374_02_04_256_P_20_MPa_mfp.npy,374_02_04_256_374_02_04_256_elec_Iz.npy,8.226965244
374_02_04_256_P_5_MPa_mfp.npy,374_02_04_256_374_02_04_256_elec_Iz.npy,8.226965244
374_09_02_256_P_1_MPa_mfp.npy,374_09_02_256_374_09_02_256_elec_Iz.npy,8.251805099
374_09_02_256_P_10_MPa_mfp.npy,374_09_02_256_374_09_02_256_elec_Iz.npy,8.251805099
374_09_02_256_P_2_MPa_mfp.npy,374_09_02_256_374_09_02_256_elec_Iz.npy,8.251805099
374_09_02_256_P_20_MPa_mfp.npy,374_09_02_256_374_09_02_256_elec_Iz.npy,8.251805099
374_09_02_256_P_5_MPa_mfp.npy,374_09_02_256_374_09_02_256_elec_Iz.npy,8.251805099
57_05_256_P_1_MPa_mfp.npy,57_05_256_57_05_256_elec_Iz.npy,8.254246946
57_05_256_P_10_MPa_mfp.npy,57_05_256_57_05_256_elec_Iz.npy,8.254246946
57_05_256_P_2_MPa_mfp.npy,57_05_256_57_05_256_elec_Iz.npy,8.254246946
57_05_256_P_20_MPa_mfp.npy,57_05_256_57_05_256_elec_Iz.npy,8.254246946
57_05_256_P_5_MPa_mfp.npy,57_05_256_57_05_256_elec_Iz.npy,8.254246946
317_05_256_P_1_MPa_mfp.npy,317_05_256_317_05_256_elec_Iz.npy,8.259581368
317_05_256_P_10_MPa_mfp.npy,317_05_256_317_05_256_elec_Iz.npy,8.259581368
317_05_256_P_2_MPa_mfp.npy,317_05_256_317_05_256_elec_Iz.npy,8.259581368
317_05_256_P_20_MPa_mfp.npy,317_05_256_317_05_256_elec_Iz.npy,8.259581368
317_05_256_P_5_MPa_mfp.npy,317_05_256_317_05_256_elec_Iz.npy,8.259581368
297_01_256_P_2_MPa_mfp.npy,297_01_256_297_01_256_elec_Iz.npy,8.262040749
65_01_256_P_1_MPa_mfp.npy,65_01_256_65_01_256_elec_Iz.npy,8.263294532
65_01_256_P_10_MPa_mfp.npy,65_01_256_65_01_256_elec_Iz.npy,8.263294532
65_01_256_P_2_MPa_mfp.npy,65_01_256_65_01_256_elec_Iz.npy,8.263294532
65_01_256_P_20_MPa_mfp.npy,65_01_256_65_01_256_elec_Iz.npy,8.263294532
65_01_256_P_5_MPa_mfp.npy,65_01_256_65_01_256_elec_Iz.npy,8.263294532
65_04_256_P_1_MPa_mfp.npy,65_04_256_65_04_256_elec_Iz.npy,8.264333633
65_04_256_P_10_MPa_mfp.npy,65_04_256_65_04_256_elec_Iz.npy,8.264333633
65_04_256_P_2_MPa_mfp.npy,65_04_256_65_04_256_elec_Iz.npy,8.264333633
65_04_256_P_20_MPa_mfp.npy,65_04_256_65_04_256_elec_Iz.npy,8.264333633
65_04_256_P_5_MPa_mfp.npy,65_04_256_65_04_256_elec_Iz.npy,8.264333633
297_01_256_P_1_MPa_mfp.npy,297_01_256_297_01_256_elec_Iz.npy,8.264616351
297_01_256_P_10_MPa_mfp.npy,297_01_256_297_01_256_elec_Iz.npy,8.264616351
297_01_256_P_20_MPa_mfp.npy,297_01_256_297_01_256_elec_Iz.npy,8.264616351
297_01_256_P_5_MPa_mfp.npy,297_01_256_297_01_256_elec_Iz.npy,8.264616351
374_01_04_256_P_1_MPa_mfp.npy,374_01_04_256_374_01_04_256_elec_Iz.npy,8.265511444
374_01_04_256_P_10_MPa_mfp.npy,374_01_04_256_374_01_04_256_elec_Iz.npy,8.265511444
374_01_04_256_P_2_MPa_mfp.npy,374_01_04_256_374_01_04_256_elec_Iz.npy,8.265511444
374_01_04_256_P_20_MPa_mfp.npy,374_01_04_256_374_01_04_256_elec_Iz.npy,8.265511444
374_01_04_256_P_5_MPa_mfp.npy,374_01_04_256_374_01_04_256_elec_Iz.npy,8.265511444
204_03_256_P_1_MPa_mfp.npy,204_03_256_204_03_256_elec_Iz.npy,8.271157875
204_03_256_P_10_MPa_mfp.npy,204_03_256_204_03_256_elec_Iz.npy,8.271157875
204_03_256_P_2_MPa_mfp.npy,204_03_256_204_03_256_elec_Iz.npy,8.271157875
204_03_256_P_5_MPa_mfp.npy,204_03_256_204_03_256_elec_Iz.npy,8.271157875
374_09_04_256_P_1_MPa_mfp.npy,374_09_04_256_374_09_04_256_elec_Iz.npy,8.272458088
374_09_04_256_P_10_MPa_mfp.npy,374_09_04_256_374_09_04_256_elec_Iz.npy,8.272458088
374_09_04_256_P_2_MPa_mfp.npy,374_09_04_256_374_09_04_256_elec_Iz.npy,8.272458088
374_09_04_256_P_20_MPa_mfp.npy,374_09_04_256_374_09_04_256_elec_Iz.npy,8.272458088
374_09_04_256_P_5_MPa_mfp.npy,374_09_04_256_374_09_04_256_elec_Iz.npy,8.272458088
204_012_256_P_1_MPa_mfp.npy,204_012_256_204_012_256_elec_Iz.npy,8.274442281
204_012_256_P_10_MPa_mfp.npy,204_012_256_204_012_256_elec_Iz.npy,8.274442281
204_012_256_P_2_MPa_mfp.npy,204_012_256_204_012_256_elec_Iz.npy,8.274442281
204_012_256_P_5_MPa_mfp.npy,204_012_256_204_012_256_elec_Iz.npy,8.274442281
207_04_256_P_1_MPa_mfp.npy,207_04_256_207_04_256_elec_Iz.npy,8.275449042
207_04_256_P_10_MPa_mfp.npy,207_04_256_207_04_256_elec_Iz.npy,8.275449042
207_04_256_P_2_MPa_mfp.npy,207_04_256_207_04_256_elec_Iz.npy,8.275449042
207_04_256_P_20_MPa_mfp.npy,207_04_256_207_04_256_elec_Iz.npy,8.275449042
207_04_256_P_5_MPa_mfp.npy,207_04_256_207_04_256_elec_Iz.npy,8.275449042
317_06_256_P_1_MPa_mfp.npy,317_06_256_317_06_256_elec_Iz.npy,8.276249621
317_06_256_P_10_MPa_mfp.npy,317_06_256_317_06_256_elec_Iz.npy,8.276249621
317_06_256_P_2_MPa_mfp.npy,317_06_256_317_06_256_elec_Iz.npy,8.276249621
317_06_256_P_20_MPa_mfp.npy,317_06_256_317_06_256_elec_Iz.npy,8.276249621
317_010_256_P_1_MPa_mfp.npy,317_010_256_317_010_256_elec_Iz.npy,8.27687307
317_010_256_P_10_MPa_mfp.npy,317_010_256_317_010_256_elec_Iz.npy,8.27687307
317_010_256_P_2_MPa_mfp.npy,317_010_256_317_010_256_elec_Iz.npy,8.27687307
317_010_256_P_20_MPa_mfp.npy,317_010_256_317_010_256_elec_Iz.npy,8.27687307
317_010_256_P_5_MPa_mfp.npy,317_010_256_317_010_256_elec_Iz.npy,8.27687307
172_01_256_P_1_MPa_mfp.npy,172_01_256_172_01_256_elec_Iz.npy,8.280048821
172_01_256_P_10_MPa_mfp.npy,172_01_256_172_01_256_elec_Iz.npy,8.280048821
172_01_256_P_2_MPa_mfp.npy,172_01_256_172_01_256_elec_Iz.npy,8.280048821
172_01_256_P_20_MPa_mfp.npy,172_01_256_172_01_256_elec_Iz.npy,8.280048821
172_01_256_P_5_MPa_mfp.npy,172_01_256_172_01_256_elec_Iz.npy,8.280048821
374_09_03_256_P_1_MPa_mfp.npy,374_09_03_256_374_09_03_256_elec_Iz.npy,8.283887113
374_09_03_256_P_10_MPa_mfp.npy,374_09_03_256_374_09_03_256_elec_Iz.npy,8.283887113
374_09_03_256_P_2_MPa_mfp.npy,374_09_03_256_374_09_03_256_elec_Iz.npy,8.283887113
374_09_03_256_P_20_MPa_mfp.npy,374_09_03_256_374_09_03_256_elec_Iz.npy,8.283887113
374_09_03_256_P_5_MPa_mfp.npy,374_09_03_256_374_09_03_256_elec_Iz.npy,8.283887113
374_03_07_256_P_1_MPa_mfp.npy,374_03_07_256_374_03_07_256_elec_Iz.npy,8.291685104
374_03_07_256_P_10_MPa_mfp.npy,374_03_07_256_374_03_07_256_elec_Iz.npy,8.291685104
374_03_07_256_P_2_MPa_mfp.npy,374_03_07_256_374_03_07_256_elec_Iz.npy,8.291685104
374_03_07_256_P_20_MPa_mfp.npy,374_03_07_256_374_03_07_256_elec_Iz.npy,8.291685104
374_03_07_256_P_5_MPa_mfp.npy,374_03_07_256_374_03_07_256_elec_Iz.npy,8.291685104
374_07_02_256_P_1_MPa_mfp.npy,374_07_02_256_374_07_02_256_elec_Iz.npy,8.29181204
374_07_02_256_P_10_MPa_mfp.npy,374_07_02_256_374_07_02_256_elec_Iz.npy,8.29181204
374_07_02_256_P_2_MPa_mfp.npy,374_07_02_256_374_07_02_256_elec_Iz.npy,8.29181204
374_07_02_256_P_20_MPa_mfp.npy,374_07_02_256_374_07_02_256_elec_Iz.npy,8.29181204
374_07_02_256_P_5_MPa_mfp.npy,374_07_02_256_374_07_02_256_elec_Iz.npy,8.29181204
374_03_08_256_P_1_MPa_mfp.npy,374_03_08_256_374_03_08_256_elec_Iz.npy,8.292354937
374_03_08_256_P_10_MPa_mfp.npy,374_03_08_256_374_03_08_256_elec_Iz.npy,8.292354937
374_03_08_256_P_2_MPa_mfp.npy,374_03_08_256_374_03_08_256_elec_Iz.npy,8.292354937
374_03_08_256_P_20_MPa_mfp.npy,374_03_08_256_374_03_08_256_elec_Iz.npy,8.292354937
374_03_08_256_P_5_MPa_mfp.npy,374_03_08_256_374_03_08_256_elec_Iz.npy,8.292354937
374_03_09_256_P_1_MPa_mfp.npy,374_03_09_256_374_03_09_256_elec_Iz.npy,8.292828311
374_03_09_256_P_10_MPa_mfp.npy,374_03_09_256_374_03_09_256_elec_Iz.npy,8.292828311
374_03_09_256_P_2_MPa_mfp.npy,374_03_09_256_374_03_09_256_elec_Iz.npy,8.292828311
374_03_09_256_P_20_MPa_mfp.npy,374_03_09_256_374_03_09_256_elec_Iz.npy,8.292828311
374_03_09_256_P_5_MPa_mfp.npy,374_03_09_256_374_03_09_256_elec_Iz.npy,8.292828311
317_01_256_P_1_MPa_mfp.npy,317_01_256_317_01_256_elec_Iz.npy,8.293427897
317_01_256_P_10_MPa_mfp.npy,317_01_256_317_01_256_elec_Iz.npy,8.293427897
317_01_256_P_2_MPa_mfp.npy,317_01_256_317_01_256_elec_Iz.npy,8.293427897
317_01_256_P_20_MPa_mfp.npy,317_01_256_317_01_256_elec_Iz.npy,8.293427897
317_01_256_P_5_MPa_mfp.npy,317_01_256_317_01_256_elec_Iz.npy,8.293427897
73_01_256_P_1_MPa_mfp.npy,73_01_256_73_01_256_elec_Iz.npy,8.297624034
73_01_256_P_10_MPa_mfp.npy,73_01_256_73_01_256_elec_Iz.npy,8.297624034
73_01_256_P_2_MPa_mfp.npy,73_01_256_73_01_256_elec_Iz.npy,8.297624034
73_01_256_P_20_MPa_mfp.npy,73_01_256_73_01_256_elec_Iz.npy,8.297624034
73_01_256_P_5_MPa_mfp.npy,73_01_256_73_01_256_elec_Iz.npy,8.297624034
317_09_256_P_10_MPa_mfp.npy,317_09_256_317_09_256_elec_Iz.npy,8.302157908
317_09_256_P_20_MPa_mfp.npy,317_09_256_317_09_256_elec_Iz.npy,8.302157908
57_06_256_P_1_MPa_mfp.npy,57_06_256_57_06_256_elec_Iz.npy,8.313195237
57_06_256_P_10_MPa_mfp.npy,57_06_256_57_06_256_elec_Iz.npy,8.313195237
57_06_256_P_2_MPa_mfp.npy,57_06_256_57_06_256_elec_Iz.npy,8.313195237
57_06_256_P_20_MPa_mfp.npy,57_06_256_57_06_256_elec_Iz.npy,8.313195237
57_06_256_P_5_MPa_mfp.npy,57_06_256_57_06_256_elec_Iz.npy,8.313195237
317_02_256_P_1_MPa_mfp.npy,317_02_256_317_02_256_elec_Iz.npy,8.319816685
317_02_256_P_10_MPa_mfp.npy,317_02_256_317_02_256_elec_Iz.npy,8.319816685
317_02_256_P_2_MPa_mfp.npy,317_02_256_317_02_256_elec_Iz.npy,8.319816685
317_02_256_P_20_MPa_mfp.npy,317_02_256_317_02_256_elec_Iz.npy,8.319816685
317_02_256_P_5_MPa_mfp.npy,317_02_256_317_02_256_elec_Iz.npy,8.319816685
317_07_256_P_1_MPa_mfp.npy,317_07_256_317_07_256_elec_Iz.npy,8.331780284
317_07_256_P_10_MPa_mfp.npy,317_07_256_317_07_256_elec_Iz.npy,8.331780284
317_07_256_P_2_MPa_mfp.npy,317_07_256_317_07_256_elec_Iz.npy,8.331780284
317_07_256_P_20_MPa_mfp.npy,317_07_256_317_07_256_elec_Iz.npy,8.331780284
317_07_256_P_5_MPa_mfp.npy,317_07_256_317_07_256_elec_Iz.npy,8.331780284
317_03_256_P_1_MPa_mfp.npy,317_03_256_317_03_256_elec_Iz.npy,8.346234844
317_03_256_P_10_MPa_mfp.npy,317_03_256_317_03_256_elec_Iz.npy,8.346234844
317_03_256_P_2_MPa_mfp.npy,317_03_256_317_03_256_elec_Iz.npy,8.346234844
317_03_256_P_20_MPa_mfp.npy,317_03_256_317_03_256_elec_Iz.npy,8.346234844
317_03_256_P_5_MPa_mfp.npy,317_03_256_317_03_256_elec_Iz.npy,8.346234844
58_01_256_P_1_MPa_mfp.npy,58_01_256_58_01_256_elec_Iz.npy,8.351486884
58_01_256_P_10_MPa_mfp.npy,58_01_256_58_01_256_elec_Iz.npy,8.351486884
58_01_256_P_2_MPa_mfp.npy,58_01_256_58_01_256_elec_Iz.npy,8.351486884
58_01_256_P_20_MPa_mfp.npy,58_01_256_58_01_256_elec_Iz.npy,8.351486884
58_01_256_P_5_MPa_mfp.npy,58_01_256_58_01_256_elec_Iz.npy,8.351486884
374_01_03_256_P_1_MPa_mfp.npy,374_01_03_256_374_01_03_256_elec_Iz.npy,8.37234247
374_01_03_256_P_10_MPa_mfp.npy,374_01_03_256_374_01_03_256_elec_Iz.npy,8.37234247
374_01_03_256_P_2_MPa_mfp.npy,374_01_03_256_374_01_03_256_elec_Iz.npy,8.37234247
374_01_03_256_P_20_MPa_mfp.npy,374_01_03_256_374_01_03_256_elec_Iz.npy,8.37234247
374_01_03_256_P_5_MPa_mfp.npy,374_01_03_256_374_01_03_256_elec_Iz.npy,8.37234247
374_03_010_256_P_1_MPa_mfp.npy,374_03_010_256_374_03_010_256_elec_Iz.npy,8.388392206
374_03_010_256_P_10_MPa_mfp.npy,374_03_010_256_374_03_010_256_elec_Iz.npy,8.388392206
374_03_010_256_P_2_MPa_mfp.npy,374_03_010_256_374_03_010_256_elec_Iz.npy,8.388392206
374_03_010_256_P_20_MPa_mfp.npy,374_03_010_256_374_03_010_256_elec_Iz.npy,8.388392206
374_03_010_256_P_5_MPa_mfp.npy,374_03_010_256_374_03_010_256_elec_Iz.npy,8.388392206
374_03_012_256_P_1_MPa_mfp.npy,374_03_012_256_374_03_012_256_elec_Iz.npy,8.388429673
374_03_012_256_P_10_MPa_mfp.npy,374_03_012_256_374_03_012_256_elec_Iz.npy,8.388429673
374_03_012_256_P_2_MPa_mfp.npy,374_03_012_256_374_03_012_256_elec_Iz.npy,8.388429673
374_03_012_256_P_20_MPa_mfp.npy,374_03_012_256_374_03_012_256_elec_Iz.npy,8.388429673
374_03_012_256_P_5_MPa_mfp.npy,374_03_012_256_374_03_012_256_elec_Iz.npy,8.388429673
374_03_011_256_P_1_MPa_mfp.npy,374_03_011_256_374_03_011_256_elec_Iz.npy,8.388711213
374_03_011_256_P_10_MPa_mfp.npy,374_03_011_256_374_03_011_256_elec_Iz.npy,8.388711213
374_03_011_256_P_2_MPa_mfp.npy,374_03_011_256_374_03_011_256_elec_Iz.npy,8.388711213
374_03_011_256_P_20_MPa_mfp.npy,374_03_011_256_374_03_011_256_elec_Iz.npy,8.388711213
374_03_011_256_P_5_MPa_mfp.npy,374_03_011_256_374_03_011_256_elec_Iz.npy,8.388711213
57_07_256_P_1_MPa_mfp.npy,57_07_256_57_07_256_elec_Iz.npy,8.392977589
57_07_256_P_2_MPa_mfp.npy,57_07_256_57_07_256_elec_Iz.npy,8.392977589
57_07_256_P_20_MPa_mfp.npy,57_07_256_57_07_256_elec_Iz.npy,8.392977589
57_07_256_P_5_MPa_mfp.npy,57_07_256_57_07_256_elec_Iz.npy,8.392977589
317_04_256_P_10_MPa_mfp.npy,317_04_256_317_04_256_elec_Iz.npy,8.411441104
317_04_256_P_2_MPa_mfp.npy,317_04_256_317_04_256_elec_Iz.npy,8.411441104
317_04_256_P_20_MPa_mfp.npy,317_04_256_317_04_256_elec_Iz.npy,8.411441104
317_04_256_P_5_MPa_mfp.npy,317_04_256_317_04_256_elec_Iz.npy,8.411441104
317_08_256_P_10_MPa_mfp.npy,317_08_256_317_08_256_elec_Iz.npy,8.41254192
317_08_256_P_2_MPa_mfp.npy,317_08_256_317_08_256_elec_Iz.npy,8.41254192
276_01_256_P_1_MPa_mfp.npy,276_01_256_276_01_256_elec_Iz.npy,8.429048833
276_01_256_P_2_MPa_mfp.npy,276_01_256_276_01_256_elec_Iz.npy,8.429048833
276_01_256_P_20_MPa_mfp.npy,276_01_256_276_01_256_elec_Iz.npy,8.429048833
276_01_256_P_5_MPa_mfp.npy,276_01_256_276_01_256_elec_Iz.npy,8.429048833
65_02_256_P_1_MPa_mfp.npy,65_02_256_65_02_256_elec_Iz.npy,8.440569092
65_02_256_P_10_MPa_mfp.npy,65_02_256_65_02_256_elec_Iz.npy,8.440569092
65_02_256_P_2_MPa_mfp.npy,65_02_256_65_02_256_elec_Iz.npy,8.440569092
65_02_256_P_20_MPa_mfp.npy,65_02_256_65_02_256_elec_Iz.npy,8.440569092
65_02_256_P_5_MPa_mfp.npy,65_02_256_65_02_256_elec_Iz.npy,8.440569092
65_05_256_P_1_MPa_mfp.npy,65_05_256_65_05_256_elec_Iz.npy,8.441133874
65_05_256_P_10_MPa_mfp.npy,65_05_256_65_05_256_elec_Iz.npy,8.441133874
65_05_256_P_2_MPa_mfp.npy,65_05_256_65_05_256_elec_Iz.npy,8.441133874
65_05_256_P_20_MPa_mfp.npy,65_05_256_65_05_256_elec_Iz.npy,8.441133874
65_05_256_P_5_MPa_mfp.npy,65_05_256_65_05_256_elec_Iz.npy,8.441133874
204_09_256_P_1_MPa_mfp.npy,204_09_256_204_09_256_elec_Iz.npy,8.45460632
204_09_256_P_10_MPa_mfp.npy,204_09_256_204_09_256_elec_Iz.npy,8.45460632
204_09_256_P_2_MPa_mfp.npy,204_09_256_204_09_256_elec_Iz.npy,8.45460632
204_09_256_P_20_MPa_mfp.npy,204_09_256_204_09_256_elec_Iz.npy,8.45460632
204_09_256_P_5_MPa_mfp.npy,204_09_256_204_09_256_elec_Iz.npy,8.45460632
374_01_02_256_P_1_MPa_mfp.npy,374_01_02_256_374_01_02_256_elec_Iz.npy,8.466414752
374_01_02_256_P_10_MPa_mfp.npy,374_01_02_256_374_01_02_256_elec_Iz.npy,8.466414752
374_01_02_256_P_2_MPa_mfp.npy,374_01_02_256_374_01_02_256_elec_Iz.npy,8.466414752
374_01_02_256_P_20_MPa_mfp.npy,374_01_02_256_374_01_02_256_elec_Iz.npy,8.466414752
374_01_02_256_P_5_MPa_mfp.npy,374_01_02_256_374_01_02_256_elec_Iz.npy,8.466414752
374_03_015_256_P_1_MPa_mfp.npy,374_03_015_256_374_03_015_256_elec_Iz.npy,8.467977152
374_03_015_256_P_10_MPa_mfp.npy,374_03_015_256_374_03_015_256_elec_Iz.npy,8.467977152
374_03_015_256_P_2_MPa_mfp.npy,374_03_015_256_374_03_015_256_elec_Iz.npy,8.467977152
374_03_015_256_P_20_MPa_mfp.npy,374_03_015_256_374_03_015_256_elec_Iz.npy,8.467977152
374_03_015_256_P_5_MPa_mfp.npy,374_03_015_256_374_03_015_256_elec_Iz.npy,8.467977152
374_03_013_256_P_1_MPa_mfp.npy,374_03_013_256_374_03_013_256_elec_Iz.npy,8.468130723
374_03_013_256_P_10_MPa_mfp.npy,374_03_013_256_374_03_013_256_elec_Iz.npy,8.468130723
374_03_013_256_P_2_MPa_mfp.npy,374_03_013_256_374_03_013_256_elec_Iz.npy,8.468130723
374_03_013_256_P_20_MPa_mfp.npy,374_03_013_256_374_03_013_256_elec_Iz.npy,8.468130723
374_03_013_256_P_5_MPa_mfp.npy,374_03_013_256_374_03_013_256_elec_Iz.npy,8.468130723
374_03_014_256_P_1_MPa_mfp.npy,374_03_014_256_374_03_014_256_elec_Iz.npy,8.468295247
374_03_014_256_P_10_MPa_mfp.npy,374_03_014_256_374_03_014_256_elec_Iz.npy,8.468295247
374_03_014_256_P_2_MPa_mfp.npy,374_03_014_256_374_03_014_256_elec_Iz.npy,8.468295247
374_03_014_256_P_20_MPa_mfp.npy,374_03_014_256_374_03_014_256_elec_Iz.npy,8.468295247
374_03_014_256_P_5_MPa_mfp.npy,374_03_014_256_374_03_014_256_elec_Iz.npy,8.468295247
204_07_256_P_10_MPa_mfp.npy,204_07_256_204_07_256_elec_Iz.npy,8.469257359
204_07_256_P_2_MPa_mfp.npy,204_07_256_204_07_256_elec_Iz.npy,8.469257359
204_08_256_P_1_MPa_mfp.npy,204_08_256_204_08_256_elec_Iz.npy,8.528462615
204_08_256_P_10_MPa_mfp.npy,204_08_256_204_08_256_elec_Iz.npy,8.528462615
204_08_256_P_2_MPa_mfp.npy,204_08_256_204_08_256_elec_Iz.npy,8.528462615
204_08_256_P_20_MPa_mfp.npy,204_08_256_204_08_256_elec_Iz.npy,8.528462615
204_08_256_P_5_MPa_mfp.npy,204_08_256_204_08_256_elec_Iz.npy,8.528462615
374_03_017_256_P_1_MPa_mfp.npy,374_03_017_256_374_03_017_256_elec_Iz.npy,8.535201503
374_03_017_256_P_10_MPa_mfp.npy,374_03_017_256_374_03_017_256_elec_Iz.npy,8.535201503
374_03_017_256_P_2_MPa_mfp.npy,374_03_017_256_374_03_017_256_elec_Iz.npy,8.535201503
374_03_017_256_P_20_MPa_mfp.npy,374_03_017_256_374_03_017_256_elec_Iz.npy,8.535201503
374_03_017_256_P_5_MPa_mfp.npy,374_03_017_256_374_03_017_256_elec_Iz.npy,8.535201503
374_03_016_256_P_1_MPa_mfp.npy,374_03_016_256_374_03_016_256_elec_Iz.npy,8.535461095
374_03_016_256_P_10_MPa_mfp.npy,374_03_016_256_374_03_016_256_elec_Iz.npy,8.535461095
374_03_016_256_P_2_MPa_mfp.npy,374_03_016_256_374_03_016_256_elec_Iz.npy,8.535461095
374_03_016_256_P_20_MPa_mfp.npy,374_03_016_256_374_03_016_256_elec_Iz.npy,8.535461095
374_03_016_256_P_5_MPa_mfp.npy,374_03_016_256_374_03_016_256_elec_Iz.npy,8.535461095
374_03_018_256_P_1_MPa_mfp.npy,374_03_018_256_374_03_018_256_elec_Iz.npy,8.535665942
374_03_018_256_P_10_MPa_mfp.npy,374_03_018_256_374_03_018_256_elec_Iz.npy,8.535665942
374_03_018_256_P_2_MPa_mfp.npy,374_03_018_256_374_03_018_256_elec_Iz.npy,8.535665942
374_03_018_256_P_20_MPa_mfp.npy,374_03_018_256_374_03_018_256_elec_Iz.npy,8.535665942
374_03_018_256_P_5_MPa_mfp.npy,374_03_018_256_374_03_018_256_elec_Iz.npy,8.535665942
204_011_256_P_1_MPa_mfp.npy,204_011_256_204_011_256_elec_Iz.npy,8.543482657
204_011_256_P_2_MPa_mfp.npy,204_011_256_204_011_256_elec_Iz.npy,8.543482657
204_011_256_P_20_MPa_mfp.npy,204_011_256_204_011_256_elec_Iz.npy,8.543482657
204_011_256_P_5_MPa_mfp.npy,204_011_256_204_011_256_elec_Iz.npy,8.543482657
16_01_256_P_1_MPa_mfp.npy,16_01_256_16_01_256_elec_Iz.npy,8.548227419
16_01_256_P_10_MPa_mfp.npy,16_01_256_16_01_256_elec_Iz.npy,8.548227419
16_01_256_P_2_MPa_mfp.npy,16_01_256_16_01_256_elec_Iz.npy,8.548227419
16_01_256_P_20_MPa_mfp.npy,16_01_256_16_01_256_elec_Iz.npy,8.548227419
16_01_256_P_5_MPa_mfp.npy,16_01_256_16_01_256_elec_Iz.npy,8.548227419
374_01_01_256_P_1_MPa_mfp.npy,374_01_01_256_374_01_01_256_elec_Iz.npy,8.549012808
374_01_01_256_P_10_MPa_mfp.npy,374_01_01_256_374_01_01_256_elec_Iz.npy,8.549012808
374_01_01_256_P_2_MPa_mfp.npy,374_01_01_256_374_01_01_256_elec_Iz.npy,8.549012808
374_01_01_256_P_20_MPa_mfp.npy,374_01_01_256_374_01_01_256_elec_Iz.npy,8.549012808
374_01_01_256_P_5_MPa_mfp.npy,374_01_01_256_374_01_01_256_elec_Iz.npy,8.549012808
374_05_03_256_P_1_MPa_mfp.npy,374_05_03_256_374_05_03_256_elec_Iz.npy,8.574113405
374_05_03_256_P_10_MPa_mfp.npy,374_05_03_256_374_05_03_256_elec_Iz.npy,8.574113405
374_05_03_256_P_2_MPa_mfp.npy,374_05_03_256_374_05_03_256_elec_Iz.npy,8.574113405
374_05_03_256_P_20_MPa_mfp.npy,374_05_03_256_374_05_03_256_elec_Iz.npy,8.574113405
374_05_03_256_P_5_MPa_mfp.npy,374_05_03_256_374_05_03_256_elec_Iz.npy,8.574113405
204_01_256_P_1_MPa_mfp.npy,204_01_256_204_01_256_elec_Iz.npy,8.579084721
204_01_256_P_10_MPa_mfp.npy,204_01_256_204_01_256_elec_Iz.npy,8.579084721
204_01_256_P_2_MPa_mfp.npy,204_01_256_204_01_256_elec_Iz.npy,8.579084721
204_01_256_P_20_MPa_mfp.npy,204_01_256_204_01_256_elec_Iz.npy,8.579084721
204_01_256_P_5_MPa_mfp.npy,204_01_256_204_01_256_elec_Iz.npy,8.579084721
204_010_256_P_1_MPa_mfp.npy,204_010_256_204_010_256_elec_Iz.npy,8.583221501
204_010_256_P_10_MPa_mfp.npy,204_010_256_204_010_256_elec_Iz.npy,8.583221501
204_010_256_P_2_MPa_mfp.npy,204_010_256_204_010_256_elec_Iz.npy,8.583221501
204_010_256_P_20_MPa_mfp.npy,204_010_256_204_010_256_elec_Iz.npy,8.583221501
204_010_256_P_5_MPa_mfp.npy,204_010_256_204_010_256_elec_Iz.npy,8.583221501
204_04_256_P_20_MPa_mfp.npy,204_04_256_204_04_256_elec_Iz.npy,8.605273054
374_10_02_256_P_1_MPa_mfp.npy,374_10_02_256_374_10_02_256_elec_Iz.npy,8.607007414
374_10_02_256_P_2_MPa_mfp.npy,374_10_02_256_374_10_02_256_elec_Iz.npy,8.607007414
374_10_02_256_P_20_MPa_mfp.npy,374_10_02_256_374_10_02_256_elec_Iz.npy,8.607007414
374_10_02_256_P_5_MPa_mfp.npy,374_10_02_256_374_10_02_256_elec_Iz.npy,8.607007414
204_06_256_P_10_MPa_mfp.npy,204_06_256_204_06_256_elec_Iz.npy,8.61261932
204_06_256_P_20_MPa_mfp.npy,204_06_256_204_06_256_elec_Iz.npy,8.61261932
374_05_02_256_P_1_MPa_mfp.npy,374_05_02_256_374_05_02_256_elec_Iz.npy,8.614619859
374_05_02_256_P_10_MPa_mfp.npy,374_05_02_256_374_05_02_256_elec_Iz.npy,8.614619859
374_05_02_256_P_2_MPa_mfp.npy,374_05_02_256_374_05_02_256_elec_Iz.npy,8.614619859
374_05_02_256_P_20_MPa_mfp.npy,374_05_02_256_374_05_02_256_elec_Iz.npy,8.614619859
374_05_02_256_P_5_MPa_mfp.npy,374_05_02_256_374_05_02_256_elec_Iz.npy,8.614619859
374_05_01_256_P_1_MPa_mfp.npy,374_05_01_256_374_05_01_256_elec_Iz.npy,8.615181681
374_05_01_256_P_10_MPa_mfp.npy,374_05_01_256_374_05_01_256_elec_Iz.npy,8.615181681
374_05_01_256_P_2_MPa_mfp.npy,374_05_01_256_374_05_01_256_elec_Iz.npy,8.615181681
374_05_01_256_P_20_MPa_mfp.npy,374_05_01_256_374_05_01_256_elec_Iz.npy,8.615181681
374_05_01_256_P_5_MPa_mfp.npy,374_05_01_256_374_05_01_256_elec_Iz.npy,8.615181681
374_01_00_256_P_1_MPa_mfp.npy,374_01_00_256_374_01_00_256_elec_Iz.npy,8.617771831
374_01_00_256_P_10_MPa_mfp.npy,374_01_00_256_374_01_00_256_elec_Iz.npy,8.617771831
374_01_00_256_P_2_MPa_mfp.npy,374_01_00_256_374_01_00_256_elec_Iz.npy,8.617771831
374_01_00_256_P_20_MPa_mfp.npy,374_01_00_256_374_01_00_256_elec_Iz.npy,8.617771831
374_01_00_256_P_5_MPa_mfp.npy,374_01_00_256_374_01_00_256_elec_Iz.npy,8.617771831
374_10_01_256_P_1_MPa_mfp.npy,374_10_01_256_374_10_01_256_elec_Iz.npy,8.618261703
374_10_01_256_P_10_MPa_mfp.npy,374_10_01_256_374_10_01_256_elec_Iz.npy,8.618261703
374_10_01_256_P_2_MPa_mfp.npy,374_10_01_256_374_10_01_256_elec_Iz.npy,8.618261703
374_10_01_256_P_20_MPa_mfp.npy,374_10_01_256_374_10_01_256_elec_Iz.npy,8.618261703
374_10_01_256_P_5_MPa_mfp.npy,374_10_01_256_374_10_01_256_elec_Iz.npy,8.618261703
204_05_256_P_1_MPa_mfp.npy,204_05_256_204_05_256_elec_Iz.npy,8.648790079
204_05_256_P_10_MPa_mfp.npy,204_05_256_204_05_256_elec_Iz.npy,8.648790079
204_05_256_P_20_MPa_mfp.npy,204_05_256_204_05_256_elec_Iz.npy,8.648790079
204_05_256_P_5_MPa_mfp.npy,204_05_256_204_05_256_elec_Iz.npy,8.648790079
16_02_256_P_1_MPa_mfp.npy,16_02_256_16_02_256_elec_Iz.npy,8.735676717
16_02_256_P_2_MPa_mfp.npy,16_02_256_16_02_256_elec_Iz.npy,8.735676717
16_02_256_P_20_MPa_mfp.npy,16_02_256_16_02_256_elec_Iz.npy,8.735676717
16_02_256_P_5_MPa_mfp.npy,16_02_256_16_02_256_elec_Iz.npy,8.735676717
72_01_256_P_1_MPa_mfp.npy,72_01_256_72_01_256_elec_Iz.npy,8.790907564
72_01_256_P_10_MPa_mfp.npy,72_01_256_72_01_256_elec_Iz.npy,8.790907564
72_01_256_P_2_MPa_mfp.npy,72_01_256_72_01_256_elec_Iz.npy,8.790907564
72_01_256_P_20_MPa_mfp.npy,72_01_256_72_01_256_elec_Iz.npy,8.790907564
72_01_256_P_5_MPa_mfp.npy,72_01_256_72_01_256_elec_Iz.npy,8.790907564
